category,situation,prompt,response_a,response_b,human_choice
Public Speaking,Q&A nerves,I'm worried about freezing up during questions from my close friend.,"Take a breath, repeat the question in your own words, then answer.",Answer as quickly as possible to avoid an awkward silence.,0
Public Speaking,Q&A nerves,I'm worried about freezing up during questions from my coworker.,Answer as quickly as possible to avoid an awkward silence.,"Take a breath, repeat the question in your own words, then answer.",1
Handling Criticism,Group critique,My team lead criticizes my idea in front of the whole group.,Defend the idea strongly right there to save face.,Respond calmly in the moment and reflect on it more afterward.,1
Public Speaking,Nervous before presenting,I have to present tomorrow with my study partner in the room and I'm nervous.,Write out the entire speech word for word and read from the page.,Practice out loud a few times and focus on your main message.,1
Public Speaking,Technical explanation,"I need to explain something technical to my roommate, who isn't familiar with it.","Start with the simplest version, then add detail if they ask.",Explain it exactly the way you'd explain it to an expert.,0
Public Speaking,Recorded presentation,I'm recording a presentation my roommate will watch later.,Keep it concise and structured since there's no live back-and-forth.,"Include everything you might normally say live, just in case.",0
Making Friends,Deepening a friendship,I want my friendship with my neighbor to feel closer.,Share something a bit more personal and see how they respond.,Do more favors for them so they feel obligated to get closer.,0
Handling Criticism,Friend's honest opinion,My old friend told me honestly they didn't like something I made.,Assume they just don't understand what you were going for.,Ask what specifically didn't work for them.,1
Handling Criticism,Criticism of a decision,My mentor criticizes a decision I already made.,"Hear them out and note it for future decisions, even if it's done.",Explain in detail why the decision was the only reasonable option.,0
Assertiveness,Uncomfortable joke,My classmate makes a joke at my expense that bothers me.,Laugh along so it doesn't seem like a big deal.,"Let them know directly, without making it a bigger issue than needed.",1
Workplace Communication,Cross-team request,I need something from my cousin on another team that isn't their priority.,Follow up frequently until they get to it.,Explain clearly why it matters and ask what timeline works.,1
Setting Boundaries,Repeated favors,My manager keeps asking for the same favor without offering anything back.,Keep helping without saying anything about the imbalance.,Mention the pattern directly and see if something can change.,1
Assertiveness,Repeated lateness,My teammate is consistently late when we meet.,Start showing up late yourself so it feels even.,Mention it directly and ask if a different time would work better.,1
Teamwork,Sharing credit,Our team succeeded mostly because of my classmate's extra effort.,Acknowledge their specific contribution while recognizing the team too.,Present it as a fully equal effort so no one feels singled out.,0
Nonverbal Communication,Comforting someone,My roommate is upset and I want to comfort them without words getting in the way.,"Sit close, keep an open posture, and let your presence show support.",Talk continuously to fill the silence.,0
Workplace Communication,Sensitive topic,I need to bring up a sensitive topic with my close friend at work.,Choose a private setting and lead with the specific concern.,Bring it up casually in a group setting to soften it.,0
Conflict Resolution,Boundary crossed,My neighbor crossed a line I hadn't clearly stated before.,Explain the boundary clearly now and how you'd like things to go forward.,Stay upset internally but not bring it up since you hadn't said it before.,0
Handling Criticism,Manager feedback,My team lead gave me critical feedback on something I worked hard on.,Thank them for the feedback and ask a specific question about improving.,Explain the reasons behind your choices before agreeing to change anything.,0
Nonverbal Communication,Job interview,I have an interview with my team lead and want to make a good impression.,Focus mainly on what to say and not worry about body language.,"Make steady eye contact and sit with an open, relaxed posture.",1
Active Listening,Feedback session,My neighbor is giving me feedback I didn't expect.,"Listen fully before responding, even if you want to explain yourself.",Explain your reasoning as soon as a point doesn't sit right with you.,0
Nonverbal Communication,Video call presence,I'm on a lot of video calls with my neighbor and want to seem more engaged.,Keep your camera off so you can focus without distraction.,Look at the camera when speaking and nod occasionally.,1
Starting Conversations,Event mingling,I'm at an event where my roommate is and I want to start a conversation.,Stand near them and wait until they start talking to you.,"Comment on something shared in the moment, like the event itself.",1
Active Listening,Upset call,My old friend calls me upset and I'm not sure what to say.,Offer solutions quickly so the problem feels handled.,Let them talk it out and ask what happened next instead of jumping to solutions.,1
Making Friends,New city,I moved somewhere new and want to build a friendship with my mentor.,Suggest a regular low-key activity together so contact becomes natural.,Attend as many one-off events with them as possible.,0
Active Listening,Instructions,My close friend is giving me instructions I need to follow exactly.,Start right away and ask questions only if something goes wrong.,Repeat the instructions back to confirm before starting.,1
Making Friends,After a favor,My coworker recently helped me out and I want to build on that.,Assume the favor already made you close and act accordingly.,Thank them specifically and suggest returning the favor sometime.,1
Empathy,Visible stress,My roommate seems overwhelmed but hasn't said anything.,Ask privately how they're doing and mention what you've noticed.,Offer to take over their tasks without asking first.,0
Starting Conversations,Online intro,I want to message my roommate online for the first time without it feeling weird.,Reference something specific you have in common before asking a question.,Send a long message explaining exactly why you're reaching out.,0
Workplace Communication,Asking for more,I want to ask my new employee for a raise or more responsibility.,Schedule a dedicated conversation with specific examples ready.,Mention it casually in passing to keep things low-pressure.,0
Assertiveness,Unreasonable request,My neighbor asks for something that isn't reasonable given the timeline.,Agree to the timeline and rush to make it work anyway.,Explain what's realistic and propose an alternative timeline.,1
Conflict Resolution,Team disagreement,My cousin and I disagree strongly about how to approach something.,Let whoever has more experience decide since they're likely right.,Ask them to explain their reasoning and look for common ground.,1
Empathy,Bad day,My old friend is clearly having a bad day but hasn't explained why.,Give them space entirely so they can process it alone.,Check in gently and let them share as much or as little as they want.,1
Setting Boundaries,Financial boundary,My cousin asks to borrow money more often than feels comfortable.,Lend it each time to avoid an uncomfortable conversation.,Set a clear limit and explain it kindly.,1
Nonverbal Communication,Tone mismatch,My team lead says they're fine but their tone suggests otherwise.,Take their words at face value and move on.,Gently note the mismatch and ask if they want to talk about it.,1
Public Speaking,Q&A nerves,I'm worried about freezing up during questions from my roommate.,Answer as quickly as possible to avoid an awkward silence.,"Take a breath, repeat the question in your own words, then answer.",1
Active Listening,Instructions,My mentor is giving me instructions I need to follow exactly.,Start right away and ask questions only if something goes wrong.,Repeat the instructions back to confirm before starting.,1
Nonverbal Communication,Comforting someone,My old friend is upset and I want to comfort them without words getting in the way.,"Sit close, keep an open posture, and let your presence show support.",Talk continuously to fill the silence.,0
Conflict Resolution,Repeated issue,My neighbor and I keep having the same argument about the same thing.,Bring up every past instance to show the pattern clearly.,Sit down outside the heated moment and agree on a clear plan.,1
Handling Criticism,Friend's honest opinion,My manager told me honestly they didn't like something I made.,Assume they just don't understand what you were going for.,Ask what specifically didn't work for them.,1
Teamwork,Uneven workload,My team lead isn't doing their share of the work.,Talk to them privately about specific tasks and ask what's going on.,Quietly redo their part yourself so the project doesn't suffer.,0
Assertiveness,Repeated lateness,My study partner is consistently late when we meet.,Mention it directly and ask if a different time would work better.,Start showing up late yourself so it feels even.,0
Nonverbal Communication,Physical distance,My old friend seems to keep more physical distance than usual.,Respect the space and let them close the distance if they want to.,Move closer to make the conversation feel warmer.,0
Teamwork,Decision paralysis,My study partner and the team can't decide on next steps.,Wait for someone else to take the lead on deciding.,Propose a clear deadline for the decision and a simple way to choose.,1
Starting Conversations,Waiting room,I'm sitting next to my classmate in a waiting room and want to talk.,"Make an easy comment about the wait, then see if they want to keep talking.",Ask them several personal questions to fill the time.,0
Starting Conversations,Party small talk,I don't know what to say to my cousin at a party.,Ask what brought them there and follow their lead from there.,Talk mainly about your own week so they get to know you.,0
Assertiveness,Uncomfortable joke,My neighbor makes a joke at my expense that bothers me.,Laugh along so it doesn't seem like a big deal.,"Let them know directly, without making it a bigger issue than needed.",1
Making Friends,After a favor,My new employee recently helped me out and I want to build on that.,Assume the favor already made you close and act accordingly.,Thank them specifically and suggest returning the favor sometime.,1
Setting Boundaries,Repeated favors,My sibling keeps asking for the same favor without offering anything back.,Mention the pattern directly and see if something can change.,Keep helping without saying anything about the imbalance.,0
Workplace Communication,Giving feedback up,"I need to give feedback to my close friend, who is more senior than me.",Frame it around impact and ask if they're open to a suggestion.,Wait for them to ask for feedback before offering any.,0
Starting Conversations,Meeting new people,I'm new to a group with my classmate and don't know how to start talking.,"Start with a simple question about what's going on around you, then build on their answer.",Wait for someone to notice you're new and approach you first.,0
Empathy,Fear of change,My team lead is scared about an upcoming change in their life.,Tell them there's nothing to worry about and it'll be fine.,Ask what specifically worries them before offering reassurance.,1
Nonverbal Communication,Tone mismatch,My old friend says they're fine but their tone suggests otherwise.,Take their words at face value and move on.,Gently note the mismatch and ask if they want to talk about it.,1
Empathy,Comparing struggles,My sibling is struggling with something I've been through myself.,Share your own story in detail since it might help them relate.,Focus on their specific experience rather than comparing to your own.,1
Starting Conversations,Event mingling,I'm at an event where my classmate is and I want to start a conversation.,"Comment on something shared in the moment, like the event itself.",Stand near them and wait until they start talking to you.,0
Handling Criticism,Friend's honest opinion,My study partner told me honestly they didn't like something I made.,Ask what specifically didn't work for them.,Assume they just don't understand what you were going for.,0
Public Speaking,Status update,I need to give my manager a short status update on my work.,"Lead with the headline result, then add detail only if asked.",Walk through the process step by step in the order it happened.,0
Empathy,Bad day,My close friend is clearly having a bad day but hasn't explained why.,Give them space entirely so they can process it alone.,Check in gently and let them share as much or as little as they want.,1
Empathy,Financial stress,My mentor hints at financial stress without saying it outright.,Let them bring it up fully in their own time rather than pressing.,Offer money right away to solve the problem quickly.,0
Starting Conversations,Reconnecting casually,I ran into my mentor after a long time and don't know how to start talking again.,Apologize for being out of touch before saying anything else.,Mention something specific you remember about them before asking what's new.,1
Starting Conversations,First meeting,I'm about to meet my old friend for the first time and I'm nervous about the opener.,Prepare a detailed introduction covering your background so nothing is left out.,"Prepare one simple, genuine question rather than a rehearsed line.",1
Empathy,Financial stress,My old friend hints at financial stress without saying it outright.,Offer money right away to solve the problem quickly.,Let them bring it up fully in their own time rather than pressing.,1
Public Speaking,Feedback after talk,My sibling gives me feedback on a talk I just gave.,Explain the choices you made before hearing them out fully.,Ask what specifically landed and what didn't.,1
Starting Conversations,Group setting,I want to join a conversation my close friend is already having with others.,"Listen for a moment, then add something relevant to what's being said.",Wait for a full pause before jumping in with a new topic.,0
Assertiveness,Disrespected opinion,My old friend dismisses my opinion in front of others.,"Stay quiet in the moment and bring it up much later, if at all.",Restate your point calmly and ask to be heard fully.,1
Empathy,Difficult decision,My mentor is torn over a difficult decision.,Tell them clearly what you think they should do.,Ask questions that help them think it through rather than telling them what to do.,1
Setting Boundaries,Personal questions,My teammate keeps asking about my personal life in ways that feel intrusive.,Answer fully each time so you don't seem unfriendly.,Politely redirect the conversation and keep answers brief.,1
Setting Boundaries,Social media boundary,My neighbor tags or posts about me in ways I'm not comfortable with.,Untag yourself quietly each time without saying anything.,Ask them directly to check with you before posting about you.,1
Nonverbal Communication,Comforting someone,My coworker is upset and I want to comfort them without words getting in the way.,"Sit close, keep an open posture, and let your presence show support.",Talk continuously to fill the silence.,0
Empathy,Setback,My neighbor didn't get something they really wanted.,Let them express disappointment without rushing to the positives.,Remind them of other good things going on to help them feel better.,0
Workplace Communication,Requesting time off,I need to ask my old friend for time off during a busy period.,Give as much notice as possible and offer a coverage plan.,Ask at the last minute and let them figure out coverage.,0
Workplace Communication,Requesting time off,I need to ask my roommate for time off during a busy period.,Ask at the last minute and let them figure out coverage.,Give as much notice as possible and offer a coverage plan.,1
Public Speaking,Toast or speech,I have to give a toast or speech in front of my cousin and don't know where to start.,Include as many jokes and stories as possible.,"Pick one specific, genuine memory and build the speech around it.",1
Assertiveness,Speaking up in group,I disagree with the direction my mentor and the group are taking.,Stay quiet since the group already seems to agree.,"Voice your concern clearly once, with your reasoning.",1
Public Speaking,Pitching an idea,I'm pitching an idea to my close friend and want it to land well.,Open with the problem and why it matters before the solution.,Open with every detail of the solution so nothing is missed.,0
Conflict Resolution,Team disagreement,My sibling and I disagree strongly about how to approach something.,Ask them to explain their reasoning and look for common ground.,Let whoever has more experience decide since they're likely right.,0
Nonverbal Communication,Tone mismatch,My classmate says they're fine but their tone suggests otherwise.,Gently note the mismatch and ask if they want to talk about it.,Take their words at face value and move on.,0
Public Speaking,Speaking to a large group,I'm nervous speaking to a room that includes my mentor and many others.,Pick one or two friendly faces in the room to speak toward.,Avoid eye contact so you don't get more nervous.,0
Nonverbal Communication,Job interview,I have an interview with my roommate and want to make a good impression.,"Make steady eye contact and sit with an open, relaxed posture.",Focus mainly on what to say and not worry about body language.,0
Handling Criticism,Vague criticism,My close friend gives criticism that's vague and hard to act on.,Guess at what they meant and adjust based on that guess.,Ask for a specific example to understand what they mean.,1
Empathy,Setback,My classmate didn't get something they really wanted.,Remind them of other good things going on to help them feel better.,Let them express disappointment without rushing to the positives.,1
Workplace Communication,Difficult email,I need to email my study partner about a mistake that affected me.,Cc other people right away so the issue is taken seriously.,State the issue factually and propose next steps.,1
Nonverbal Communication,Distracted listener,My teammate seems distracted while I'm talking to them.,Keep talking at the same pace regardless.,Pause briefly and check in before continuing.,1
Making Friends,Mutual friend,"I want to become friends with my cousin, who I met through someone else.",Wait until the mutual friend brings you together again.,Reach out directly instead of relying on the mutual friend to connect you.,1
Assertiveness,Uncomfortable joke,My sibling makes a joke at my expense that bothers me.,Laugh along so it doesn't seem like a big deal.,"Let them know directly, without making it a bigger issue than needed.",1
Making Friends,Reconnecting,I lost touch with my old friend and want to reconnect naturally.,"Send a short, warm message referencing a specific good memory.",Call them and explain in detail why you drifted apart.,0
Handling Criticism,Manager feedback,My cousin gave me critical feedback on something I worked hard on.,Explain the reasons behind your choices before agreeing to change anything.,Thank them for the feedback and ask a specific question about improving.,1
Nonverbal Communication,Tense meeting,My sibling seems tense during a meeting and it's affecting the room.,Match their tense energy so the seriousness is clear.,Keep your own tone calm and open to help ease the tension.,1
Setting Boundaries,Emotional labor,My classmate relies on me a lot for emotional support.,Support them within limits and encourage other resources too.,Keep absorbing it all so they don't feel unsupported.,0
Active Listening,Upset call,My classmate calls me upset and I'm not sure what to say.,Offer solutions quickly so the problem feels handled.,Let them talk it out and ask what happened next instead of jumping to solutions.,1
Teamwork,Conflicting styles,My neighbor works very differently from me and it's causing friction.,Talk openly about work styles and agree on a middle ground.,Adjust your own style completely to match theirs.,0
Conflict Resolution,Boundary crossed,My roommate crossed a line I hadn't clearly stated before.,Stay upset internally but not bring it up since you hadn't said it before.,Explain the boundary clearly now and how you'd like things to go forward.,1
Teamwork,New teammate,My sibling just joined the team and seems unsure of their role.,Check in directly and walk through how the team works.,Let them observe for a while so they can figure it out on their own.,0
Nonverbal Communication,Comforting someone,My mentor is upset and I want to comfort them without words getting in the way.,"Sit close, keep an open posture, and let your presence show support.",Talk continuously to fill the silence.,0
Making Friends,Long distance,My sibling moved away and I want to keep the friendship going.,"Set a simple regular way to stay in touch, like a monthly call.",Wait for them to reach out first since they moved.,0
Handling Criticism,Unsolicited critique,My coworker critiques something I didn't ask for feedback on.,Explain why their critique doesn't apply in this case.,Thank them briefly and decide later what's actually useful.,1
Conflict Resolution,Team disagreement,My roommate and I disagree strongly about how to approach something.,Let whoever has more experience decide since they're likely right.,Ask them to explain their reasoning and look for common ground.,1
Workplace Communication,Cross-team request,I need something from my classmate on another team that isn't their priority.,Follow up frequently until they get to it.,Explain clearly why it matters and ask what timeline works.,1
Starting Conversations,Awkward silence,There's an awkward silence with my study partner and I don't know what to say.,Ask an open question about something you both just experienced.,Fill the silence by talking about yourself until it feels less awkward.,0
Public Speaking,Losing the audience,I notice my manager and others checking their phones while I present.,"Pause, ask a quick question to re-engage the room, then continue.",Speak faster to get through the remaining content.,0
Conflict Resolution,Boundary crossed,My new employee crossed a line I hadn't clearly stated before.,Stay upset internally but not bring it up since you hadn't said it before.,Explain the boundary clearly now and how you'd like things to go forward.,1
Workplace Communication,Cross-team request,I need something from my manager on another team that isn't their priority.,Explain clearly why it matters and ask what timeline works.,Follow up frequently until they get to it.,0
Public Speaking,Speaking to a large group,I'm nervous speaking to a room that includes my close friend and many others.,Pick one or two friendly faces in the room to speak toward.,Avoid eye contact so you don't get more nervous.,0
Handling Criticism,Vague criticism,My roommate gives criticism that's vague and hard to act on.,Ask for a specific example to understand what they mean.,Guess at what they meant and adjust based on that guess.,0
Handling Criticism,Criticism of a decision,My coworker criticizes a decision I already made.,Explain in detail why the decision was the only reasonable option.,"Hear them out and note it for future decisions, even if it's done.",1
Active Listening,Important news,My old friend is telling me something important and I keep getting distracted.,Nod along while thinking about how you'll respond.,Repeat back the main point to make sure you understood it.,1
Starting Conversations,Party small talk,I don't know what to say to my close friend at a party.,Ask what brought them there and follow their lead from there.,Talk mainly about your own week so they get to know you.,0
Handling Criticism,Unsolicited critique,My mentor critiques something I didn't ask for feedback on.,Thank them briefly and decide later what's actually useful.,Explain why their critique doesn't apply in this case.,0
Empathy,Bad day,My teammate is clearly having a bad day but hasn't explained why.,Give them space entirely so they can process it alone.,Check in gently and let them share as much or as little as they want.,1
Setting Boundaries,Time boundary,My old friend tends to run long in conversations when I have limited time.,Let the conversation run long to avoid seeming rude.,Let them know upfront how much time you have.,1
Workplace Communication,Giving feedback up,"I need to give feedback to my classmate, who is more senior than me.",Wait for them to ask for feedback before offering any.,Frame it around impact and ask if they're open to a suggestion.,1
Active Listening,Instructions,My sibling is giving me instructions I need to follow exactly.,Repeat the instructions back to confirm before starting.,Start right away and ask questions only if something goes wrong.,0
Setting Boundaries,Emotional labor,My study partner relies on me a lot for emotional support.,Support them within limits and encourage other resources too.,Keep absorbing it all so they don't feel unsupported.,0
Active Listening,Feedback session,My team lead is giving me feedback I didn't expect.,Explain your reasoning as soon as a point doesn't sit right with you.,"Listen fully before responding, even if you want to explain yourself.",1
Public Speaking,Toast or speech,I have to give a toast or speech in front of my study partner and don't know where to start.,Include as many jokes and stories as possible.,"Pick one specific, genuine memory and build the speech around it.",1
Nonverbal Communication,Job interview,I have an interview with my teammate and want to make a good impression.,Focus mainly on what to say and not worry about body language.,"Make steady eye contact and sit with an open, relaxed posture.",1
Public Speaking,Losing the audience,I notice my old friend and others checking their phones while I present.,"Pause, ask a quick question to re-engage the room, then continue.",Speak faster to get through the remaining content.,0
Teamwork,Unequal recognition,My roommate gets recognized more than others despite similar effort.,Work harder to try to get noticed the same way.,Mention the imbalance to whoever leads recognition decisions.,1
Conflict Resolution,After an argument,I had an argument with my study partner and we haven't spoken since.,Wait for them to reach out first since they were more upset.,Reach out and acknowledge the disagreement directly.,1
Conflict Resolution,Team disagreement,My study partner and I disagree strongly about how to approach something.,Let whoever has more experience decide since they're likely right.,Ask them to explain their reasoning and look for common ground.,1
Starting Conversations,Reconnecting casually,I ran into my roommate after a long time and don't know how to start talking again.,Mention something specific you remember about them before asking what's new.,Apologize for being out of touch before saying anything else.,0
Starting Conversations,First meeting,I'm about to meet my mentor for the first time and I'm nervous about the opener.,Prepare a detailed introduction covering your background so nothing is left out.,"Prepare one simple, genuine question rather than a rehearsed line.",1
Handling Criticism,Criticism of a decision,My new employee criticizes a decision I already made.,Explain in detail why the decision was the only reasonable option.,"Hear them out and note it for future decisions, even if it's done.",1
Setting Boundaries,Space boundary,My cousin drops by unannounced more than I'd like.,Let it continue and just seem busy when they show up.,Ask them kindly to check in before coming over.,1
Setting Boundaries,Social media boundary,My roommate tags or posts about me in ways I'm not comfortable with.,Untag yourself quietly each time without saying anything.,Ask them directly to check with you before posting about you.,1
Active Listening,Casual catch-up,My teammate is catching me up on their week.,Wait for your turn to talk about your own week.,Ask a couple of specific follow-up questions to show you're engaged.,1
Assertiveness,Repeated lateness,My manager is consistently late when we meet.,Mention it directly and ask if a different time would work better.,Start showing up late yourself so it feels even.,0
Making Friends,Long distance,My roommate moved away and I want to keep the friendship going.,Wait for them to reach out first since they moved.,"Set a simple regular way to stay in touch, like a monthly call.",1
Setting Boundaries,Repeated favors,My old friend keeps asking for the same favor without offering anything back.,Mention the pattern directly and see if something can change.,Keep helping without saying anything about the imbalance.,0
Active Listening,Differing opinion,My old friend shares an opinion in discussion that's different from mine.,Ask them to explain more before sharing your own view.,Wait for a pause and then explain why your view is more accurate.,0
Conflict Resolution,After an argument,I had an argument with my old friend and we haven't spoken since.,Reach out and acknowledge the disagreement directly.,Wait for them to reach out first since they were more upset.,0
Conflict Resolution,Team disagreement,My coworker and I disagree strongly about how to approach something.,Let whoever has more experience decide since they're likely right.,Ask them to explain their reasoning and look for common ground.,1
Conflict Resolution,Broken promise,My cousin didn't follow through on something they promised.,Stop relying on them without saying anything about why.,"Mention it calmly and ask what happened, without assuming the worst.",1
Public Speaking,Speaking to a large group,I'm nervous speaking to a room that includes my manager and many others.,Avoid eye contact so you don't get more nervous.,Pick one or two friendly faces in the room to speak toward.,1
Setting Boundaries,Time boundary,My sibling tends to run long in conversations when I have limited time.,Let the conversation run long to avoid seeming rude.,Let them know upfront how much time you have.,1
Setting Boundaries,Family expectations,My team lead expects me at every gathering even when I'm exhausted.,Attend every one to avoid a difficult conversation.,Let them know in advance which ones you can make and why.,1
Empathy,Comparing struggles,My neighbor is struggling with something I've been through myself.,Focus on their specific experience rather than comparing to your own.,Share your own story in detail since it might help them relate.,0
Setting Boundaries,Personal questions,My cousin keeps asking about my personal life in ways that feel intrusive.,Answer fully each time so you don't seem unfriendly.,Politely redirect the conversation and keep answers brief.,1
Active Listening,Differing opinion,My mentor shares an opinion in discussion that's different from mine.,Ask them to explain more before sharing your own view.,Wait for a pause and then explain why your view is more accurate.,0
Handling Criticism,Unsolicited critique,My manager critiques something I didn't ask for feedback on.,Thank them briefly and decide later what's actually useful.,Explain why their critique doesn't apply in this case.,0
Starting Conversations,Event mingling,I'm at an event where my team lead is and I want to start a conversation.,Stand near them and wait until they start talking to you.,"Comment on something shared in the moment, like the event itself.",1
Assertiveness,Pressure to conform,My neighbor is pressuring me to do something I'm not comfortable with.,"Say directly that you're not comfortable with it, without over-explaining.",Go along with it this once to avoid seeming judgmental.,0
Making Friends,Quiet acquaintance,My roommate is quiet and seems like they'd be a good friend but rarely talks.,Approach them one-on-one and mention something specific you noticed.,Include them in bigger group activities and wait for them to open up.,0
Setting Boundaries,Overcommitted,My classmate keeps asking for favors that take up a lot of my time.,Keep saying yes so the relationship doesn't feel strained.,Say yes to what you can genuinely manage and be honest otherwise.,1
Teamwork,New teammate,My team lead just joined the team and seems unsure of their role.,Let them observe for a while so they can figure it out on their own.,Check in directly and walk through how the team works.,1
Handling Criticism,Manager feedback,My coworker gave me critical feedback on something I worked hard on.,Thank them for the feedback and ask a specific question about improving.,Explain the reasons behind your choices before agreeing to change anything.,0
Empathy,Fear of change,My coworker is scared about an upcoming change in their life.,Ask what specifically worries them before offering reassurance.,Tell them there's nothing to worry about and it'll be fine.,0
Workplace Communication,Giving feedback up,"I need to give feedback to my team lead, who is more senior than me.",Frame it around impact and ask if they're open to a suggestion.,Wait for them to ask for feedback before offering any.,0
Nonverbal Communication,Physical distance,My manager seems to keep more physical distance than usual.,Respect the space and let them close the distance if they want to.,Move closer to make the conversation feel warmer.,0
Workplace Communication,Disagreeing publicly,My team lead says something inaccurate in a meeting with others present.,Note it calmly in the meeting or follow up privately after.,Correct them firmly in front of everyone right away.,0
Making Friends,After a favor,My old friend recently helped me out and I want to build on that.,Thank them specifically and suggest returning the favor sometime.,Assume the favor already made you close and act accordingly.,0
Teamwork,Cross-functional friction,My mentor on another team isn't cooperating well with mine.,Set up a conversation to understand their constraints and priorities.,Escalate to management before trying to talk directly.,0
Teamwork,Unequal recognition,My sibling gets recognized more than others despite similar effort.,Work harder to try to get noticed the same way.,Mention the imbalance to whoever leads recognition decisions.,1
Assertiveness,Unreasonable request,My teammate asks for something that isn't reasonable given the timeline.,Agree to the timeline and rush to make it work anyway.,Explain what's realistic and propose an alternative timeline.,1
Workplace Communication,Sensitive topic,I need to bring up a sensitive topic with my teammate at work.,Choose a private setting and lead with the specific concern.,Bring it up casually in a group setting to soften it.,0
Assertiveness,Uncomfortable joke,My manager makes a joke at my expense that bothers me.,"Let them know directly, without making it a bigger issue than needed.",Laugh along so it doesn't seem like a big deal.,0
Making Friends,Awkward gap,There's been an awkward gap since I last talked to my new employee.,Reach out casually without over-explaining the gap.,Apologize extensively for not reaching out sooner.,0
Starting Conversations,New coworker,My classmate just joined and I want to introduce myself well.,Give them a long rundown of how everything works before they've settled in.,Introduce yourself briefly and ask one easy question about their first days.,1
Conflict Resolution,Team disagreement,My close friend and I disagree strongly about how to approach something.,Ask them to explain their reasoning and look for common ground.,Let whoever has more experience decide since they're likely right.,0
Assertiveness,Unreasonable request,My new employee asks for something that isn't reasonable given the timeline.,Explain what's realistic and propose an alternative timeline.,Agree to the timeline and rush to make it work anyway.,0
Assertiveness,Unreasonable request,My roommate asks for something that isn't reasonable given the timeline.,Explain what's realistic and propose an alternative timeline.,Agree to the timeline and rush to make it work anyway.,0
Handling Criticism,Group critique,My teammate criticizes my idea in front of the whole group.,Defend the idea strongly right there to save face.,Respond calmly in the moment and reflect on it more afterward.,1
Conflict Resolution,Money dispute,My teammate owes me money and hasn't brought it up.,"Bring it up directly but kindly, mentioning the specific amount.",Drop hints about it and hope they take the hint.,0
Teamwork,Decision paralysis,My sibling and the team can't decide on next steps.,Wait for someone else to take the lead on deciding.,Propose a clear deadline for the decision and a simple way to choose.,1
Conflict Resolution,Credit dispute,My manager took credit for part of my idea.,Bring it up publicly so others hear the correction at once.,Talk to them privately first and explain how it affected you.,1
Teamwork,Disagreeing on direction,My cousin and I can't agree on which idea to move forward with.,Suggest listing pros and cons together so the decision feels shared.,Go with whichever idea the more vocal person prefers.,0
Teamwork,Group decision fatigue,My teammate and the team keep re-deciding the same thing.,Suggest documenting the decision once it's made so it sticks.,Let the discussion happen again each time it comes up.,0
Nonverbal Communication,Crossed arms,My manager has their arms crossed and seems distant.,Soften your own body language and ask an open question.,Mirror their crossed arms so the conversation feels balanced.,0
Making Friends,Reconnecting,I lost touch with my teammate and want to reconnect naturally.,Call them and explain in detail why you drifted apart.,"Send a short, warm message referencing a specific good memory.",1
Empathy,Health scare,My manager just got concerning medical news.,Immediately research solutions and send them information.,Ask how they're feeling about it and what kind of support they want.,1
Workplace Communication,Sensitive topic,I need to bring up a sensitive topic with my neighbor at work.,Bring it up casually in a group setting to soften it.,Choose a private setting and lead with the specific concern.,1
Conflict Resolution,Miscommunication,My neighbor misunderstood something I said and got upset.,Assume it will blow over on its own without addressing it.,Clarify what you meant calmly and ask how they took it.,1
Nonverbal Communication,Group photo moment,I want to seem approachable to my teammate in a group setting.,Stand slightly apart so you don't seem like you're intruding.,Keep an open stance and make brief eye contact with people as they talk.,1
Public Speaking,Impromptu speaking,My neighbor asks me to say a few words with no preparation.,"Take a breath, pick one point, and keep it short.",Try to cover everything you can think of on the spot.,0
Starting Conversations,Waiting room,I'm sitting next to my neighbor in a waiting room and want to talk.,Ask them several personal questions to fill the time.,"Make an easy comment about the wait, then see if they want to keep talking.",1
Setting Boundaries,Borrowed items,My new employee borrows things and often returns them late or damaged.,Stop mentioning it and quietly avoid lending to them again.,Tell them directly what you need going forward.,1
Empathy,Health scare,My classmate just got concerning medical news.,Immediately research solutions and send them information.,Ask how they're feeling about it and what kind of support they want.,1
Empathy,Public embarrassment,My teammate did something embarrassing in front of others.,Pretend not to notice so they don't feel more embarrassed.,"Help them move past it with a light, kind comment.",1
Nonverbal Communication,Tense meeting,My roommate seems tense during a meeting and it's affecting the room.,Keep your own tone calm and open to help ease the tension.,Match their tense energy so the seriousness is clear.,0
Empathy,Bad day,My study partner is clearly having a bad day but hasn't explained why.,Give them space entirely so they can process it alone.,Check in gently and let them share as much or as little as they want.,1
Workplace Communication,Asking for more,I want to ask my sibling for a raise or more responsibility.,Mention it casually in passing to keep things low-pressure.,Schedule a dedicated conversation with specific examples ready.,1
Teamwork,Cross-functional friction,My study partner on another team isn't cooperating well with mine.,Escalate to management before trying to talk directly.,Set up a conversation to understand their constraints and priorities.,1
Active Listening,Instructions,My study partner is giving me instructions I need to follow exactly.,Start right away and ask questions only if something goes wrong.,Repeat the instructions back to confirm before starting.,1
Setting Boundaries,Personal questions,My study partner keeps asking about my personal life in ways that feel intrusive.,Politely redirect the conversation and keep answers brief.,Answer fully each time so you don't seem unfriendly.,0
Making Friends,New city,I moved somewhere new and want to build a friendship with my teammate.,Attend as many one-off events with them as possible.,Suggest a regular low-key activity together so contact becomes natural.,1
Assertiveness,Price disagreement,I think what my cousin is charging or asking for is too much.,Ask directly for the reasoning and mention your expectation.,Accept it to avoid an awkward conversation.,0
Active Listening,Long story,My manager is telling a long story and I'm losing focus.,Stay present and ask a question about a detail to re-engage.,Let your mind wander until they get to the point.,0
Workplace Communication,Difficult email,I need to email my cousin about a mistake that affected me.,State the issue factually and propose next steps.,Cc other people right away so the issue is taken seriously.,0
Handling Criticism,Harsh review,I received a harsh review from my study partner that felt more personal than helpful.,Separate the useful points from the tone and ask a focused follow-up.,Dismiss the whole review since the tone felt unfair.,0
Conflict Resolution,Money dispute,My neighbor owes me money and hasn't brought it up.,Drop hints about it and hope they take the hint.,"Bring it up directly but kindly, mentioning the specific amount.",1
Workplace Communication,Difficult email,I need to email my new employee about a mistake that affected me.,Cc other people right away so the issue is taken seriously.,State the issue factually and propose next steps.,1
Setting Boundaries,Space boundary,My close friend drops by unannounced more than I'd like.,Let it continue and just seem busy when they show up.,Ask them kindly to check in before coming over.,1
Starting Conversations,Shared wait,I'm waiting for a bus with my manager and want to strike up a chat.,Comment on something happening around you and see if they engage.,Ask them directly if they want to talk to pass the time.,0
Starting Conversations,New coworker,My cousin just joined and I want to introduce myself well.,Introduce yourself briefly and ask one easy question about their first days.,Give them a long rundown of how everything works before they've settled in.,0
Assertiveness,Unfair blame,I got blamed for something that wasn't my fault by my mentor.,Let it go since bringing it up might seem difficult.,"Explain calmly what actually happened, with specifics.",1
Starting Conversations,Shared wait,I'm waiting for a bus with my cousin and want to strike up a chat.,Comment on something happening around you and see if they engage.,Ask them directly if they want to talk to pass the time.,0
Active Listening,Long story,My cousin is telling a long story and I'm losing focus.,Let your mind wander until they get to the point.,Stay present and ask a question about a detail to re-engage.,1
Handling Criticism,Performance review,My sibling gave me a performance review lower than expected.,Ask for specific examples so you understand exactly what to improve.,Push back on the rating before hearing the full explanation.,0
Empathy,Feeling excluded,My team lead mentions feeling left out of a group.,"Validate the feeling before figuring out what, if anything, to do next.",Tell them they're overreacting and it's probably not personal.,0
Handling Criticism,Harsh review,I received a harsh review from my sibling that felt more personal than helpful.,Dismiss the whole review since the tone felt unfair.,Separate the useful points from the tone and ask a focused follow-up.,1
Active Listening,Complaint,My coworker is complaining about something that affects them directly.,Apologize briefly and move on to explaining the policy or reasoning.,Repeat their concern back in your own words before responding.,1
Handling Criticism,Manager feedback,My classmate gave me critical feedback on something I worked hard on.,Explain the reasons behind your choices before agreeing to change anything.,Thank them for the feedback and ask a specific question about improving.,1
Public Speaking,Q&A nerves,I'm worried about freezing up during questions from my mentor.,"Take a breath, repeat the question in your own words, then answer.",Answer as quickly as possible to avoid an awkward silence.,0
Empathy,Visible stress,My new employee seems overwhelmed but hasn't said anything.,Offer to take over their tasks without asking first.,Ask privately how they're doing and mention what you've noticed.,1
Starting Conversations,Elevator moment,I'm stuck in an elevator with my close friend and it's silent.,"Make a light, easy comment about the situation to break the ice.",Stay quiet since small talk in short moments can feel forced.,0
Handling Criticism,Vague criticism,My new employee gives criticism that's vague and hard to act on.,Guess at what they meant and adjust based on that guess.,Ask for a specific example to understand what they mean.,1
Conflict Resolution,Noise issue,My new employee is being loud in a way that's affecting me.,Escalate to someone in charge before talking to them directly.,Explain the specific issue calmly and propose a compromise.,1
Starting Conversations,Event mingling,I'm at an event where my cousin is and I want to start a conversation.,"Comment on something shared in the moment, like the event itself.",Stand near them and wait until they start talking to you.,0
Handling Criticism,Written feedback,My teammate left written feedback that's hard to interpret in tone.,Assume the harshest possible tone and respond defensively.,Ask a quick clarifying question rather than assuming the worst tone.,1
Conflict Resolution,Miscommunication,My study partner misunderstood something I said and got upset.,Assume it will blow over on its own without addressing it.,Clarify what you meant calmly and ask how they took it.,1
Active Listening,Casual catch-up,My old friend is catching me up on their week.,Ask a couple of specific follow-up questions to show you're engaged.,Wait for your turn to talk about your own week.,0
Public Speaking,Q&A nerves,I'm worried about freezing up during questions from my manager.,Answer as quickly as possible to avoid an awkward silence.,"Take a breath, repeat the question in your own words, then answer.",1
Teamwork,Uneven workload,My close friend isn't doing their share of the work.,Quietly redo their part yourself so the project doesn't suffer.,Talk to them privately about specific tasks and ask what's going on.,1
Starting Conversations,Shared wait,I'm waiting for a bus with my study partner and want to strike up a chat.,Ask them directly if they want to talk to pass the time.,Comment on something happening around you and see if they engage.,1
Assertiveness,Price disagreement,I think what my team lead is charging or asking for is too much.,Ask directly for the reasoning and mention your expectation.,Accept it to avoid an awkward conversation.,0
Conflict Resolution,After an argument,I had an argument with my mentor and we haven't spoken since.,Wait for them to reach out first since they were more upset.,Reach out and acknowledge the disagreement directly.,1
Conflict Resolution,Public disagreement,My cousin disagreed with me in front of others.,Push back just as strongly in front of the same group.,Stay calm in the moment and follow up with them privately after.,1
Handling Criticism,Repeated feedback,I keep getting the same feedback from my mentor and others.,Assume it's a coincidence since they don't know each other.,Take it as a real signal worth addressing.,1
Nonverbal Communication,Tense meeting,My study partner seems tense during a meeting and it's affecting the room.,Keep your own tone calm and open to help ease the tension.,Match their tense energy so the seriousness is clear.,0
Assertiveness,Disrespected opinion,My team lead dismisses my opinion in front of others.,"Stay quiet in the moment and bring it up much later, if at all.",Restate your point calmly and ask to be heard fully.,1
Active Listening,Differing opinion,My classmate shares an opinion in discussion that's different from mine.,Wait for a pause and then explain why your view is more accurate.,Ask them to explain more before sharing your own view.,1
Handling Criticism,Creative project,My classmate criticized a creative project I'm proud of.,Change the project significantly based on this one comment.,Consider which parts resonate with your own doubts and set aside the rest.,1
Setting Boundaries,Social media boundary,My classmate tags or posts about me in ways I'm not comfortable with.,Ask them directly to check with you before posting about you.,Untag yourself quietly each time without saying anything.,0
Public Speaking,Losing the audience,I notice my new employee and others checking their phones while I present.,Speak faster to get through the remaining content.,"Pause, ask a quick question to re-engage the room, then continue.",1
Empathy,Fear of change,My close friend is scared about an upcoming change in their life.,Ask what specifically worries them before offering reassurance.,Tell them there's nothing to worry about and it'll be fine.,0
Assertiveness,Disrespected opinion,My teammate dismisses my opinion in front of others.,Restate your point calmly and ask to be heard fully.,"Stay quiet in the moment and bring it up much later, if at all.",0
Making Friends,After a favor,My classmate recently helped me out and I want to build on that.,Assume the favor already made you close and act accordingly.,Thank them specifically and suggest returning the favor sometime.,1
Assertiveness,Uncomfortable joke,My cousin makes a joke at my expense that bothers me.,Laugh along so it doesn't seem like a big deal.,"Let them know directly, without making it a bigger issue than needed.",1
Starting Conversations,New coworker,My roommate just joined and I want to introduce myself well.,Introduce yourself briefly and ask one easy question about their first days.,Give them a long rundown of how everything works before they've settled in.,0
Empathy,Friend's loss,My team lead just lost a family member and I don't know what to say.,Acknowledge the loss simply and offer to help with something concrete.,Give them space and wait until they bring it up themselves.,0
Conflict Resolution,Credit dispute,My old friend took credit for part of my idea.,Talk to them privately first and explain how it affected you.,Bring it up publicly so others hear the correction at once.,0
Active Listening,Upset call,My neighbor calls me upset and I'm not sure what to say.,Offer solutions quickly so the problem feels handled.,Let them talk it out and ask what happened next instead of jumping to solutions.,1
Teamwork,Missed deadline,My cousin missed a deadline that affected the whole team.,Ask what happened and work together on a recovery plan.,Point out the missed deadline in front of the team.,0
Public Speaking,Technical explanation,"I need to explain something technical to my team lead, who isn't familiar with it.",Explain it exactly the way you'd explain it to an expert.,"Start with the simplest version, then add detail if they ask.",1
Setting Boundaries,After-hours messages,My old friend keeps messaging me about work late at night.,Reply right away every time so they know you're available.,Let them know you'll respond first thing in the morning unless urgent.,1
Teamwork,Group decision fatigue,My roommate and the team keep re-deciding the same thing.,Let the discussion happen again each time it comes up.,Suggest documenting the decision once it's made so it sticks.,1
Handling Criticism,Written feedback,My neighbor left written feedback that's hard to interpret in tone.,Assume the harshest possible tone and respond defensively.,Ask a quick clarifying question rather than assuming the worst tone.,1
Workplace Communication,Unclear instructions,My team lead gave me a task but the instructions were unclear.,Ask a specific clarifying question before starting.,Start working right away and adjust later if it's wrong.,0
Active Listening,Complaint,My cousin is complaining about something that affects them directly.,Apologize briefly and move on to explaining the policy or reasoning.,Repeat their concern back in your own words before responding.,1
Empathy,Pre-exam anxiety,My sibling tells me they're anxious about a big test or evaluation.,Tell them they'll definitely do fine since they usually do.,Ask what part feels hardest and just listen.,1
Nonverbal Communication,Crossed arms,My old friend has their arms crossed and seems distant.,Soften your own body language and ask an open question.,Mirror their crossed arms so the conversation feels balanced.,0
Conflict Resolution,Broken promise,My neighbor didn't follow through on something they promised.,"Mention it calmly and ask what happened, without assuming the worst.",Stop relying on them without saying anything about why.,0
Assertiveness,Price disagreement,I think what my teammate is charging or asking for is too much.,Accept it to avoid an awkward conversation.,Ask directly for the reasoning and mention your expectation.,1
Handling Criticism,Unsolicited critique,My study partner critiques something I didn't ask for feedback on.,Explain why their critique doesn't apply in this case.,Thank them briefly and decide later what's actually useful.,1
Starting Conversations,Reconnecting casually,I ran into my close friend after a long time and don't know how to start talking again.,Mention something specific you remember about them before asking what's new.,Apologize for being out of touch before saying anything else.,0
Setting Boundaries,Family expectations,My mentor expects me at every gathering even when I'm exhausted.,Attend every one to avoid a difficult conversation.,Let them know in advance which ones you can make and why.,1
Active Listening,Important news,My sibling is telling me something important and I keep getting distracted.,Repeat back the main point to make sure you understood it.,Nod along while thinking about how you'll respond.,0
Conflict Resolution,Shared space,My mentor keeps leaving a mess and it's bothering me.,Bring it up calmly in person and suggest a system that works for both of you.,Leave it as is until they notice the problem themselves.,0
Starting Conversations,Group setting,I want to join a conversation my teammate is already having with others.,Wait for a full pause before jumping in with a new topic.,"Listen for a moment, then add something relevant to what's being said.",1
Empathy,Setback,My mentor didn't get something they really wanted.,Let them express disappointment without rushing to the positives.,Remind them of other good things going on to help them feel better.,0
Assertiveness,Overloaded schedule,My mentor keeps adding to my workload without checking capacity.,Take on everything without comment and try to work faster.,State clearly what's already on your plate and ask them to help prioritize.,1
Nonverbal Communication,Crossed arms,My close friend has their arms crossed and seems distant.,Soften your own body language and ask an open question.,Mirror their crossed arms so the conversation feels balanced.,0
Setting Boundaries,Personal questions,My neighbor keeps asking about my personal life in ways that feel intrusive.,Answer fully each time so you don't seem unfriendly.,Politely redirect the conversation and keep answers brief.,1
Public Speaking,Impromptu speaking,My classmate asks me to say a few words with no preparation.,"Take a breath, pick one point, and keep it short.",Try to cover everything you can think of on the spot.,0
Making Friends,New environment,I just started somewhere new with my coworker and want to build a friendship.,Try to befriend the most popular person first to meet others faster.,Show consistent interest over time and remember details they share.,1
Assertiveness,Speaking up in group,I disagree with the direction my classmate and the group are taking.,Stay quiet since the group already seems to agree.,"Voice your concern clearly once, with your reasoning.",1
Assertiveness,Unfair blame,I got blamed for something that wasn't my fault by my classmate.,Let it go since bringing it up might seem difficult.,"Explain calmly what actually happened, with specifics.",1
Making Friends,Deepening a friendship,I want my friendship with my old friend to feel closer.,Share something a bit more personal and see how they respond.,Do more favors for them so they feel obligated to get closer.,0
Handling Criticism,Unsolicited critique,My roommate critiques something I didn't ask for feedback on.,Explain why their critique doesn't apply in this case.,Thank them briefly and decide later what's actually useful.,1
Public Speaking,Toast or speech,I have to give a toast or speech in front of my team lead and don't know where to start.,Include as many jokes and stories as possible.,"Pick one specific, genuine memory and build the speech around it.",1
Public Speaking,Feedback after talk,My new employee gives me feedback on a talk I just gave.,Ask what specifically landed and what didn't.,Explain the choices you made before hearing them out fully.,0
Workplace Communication,Asking for more,I want to ask my team lead for a raise or more responsibility.,Schedule a dedicated conversation with specific examples ready.,Mention it casually in passing to keep things low-pressure.,0
Starting Conversations,Event mingling,I'm at an event where my coworker is and I want to start a conversation.,Stand near them and wait until they start talking to you.,"Comment on something shared in the moment, like the event itself.",1
Handling Criticism,Vague criticism,My coworker gives criticism that's vague and hard to act on.,Ask for a specific example to understand what they mean.,Guess at what they meant and adjust based on that guess.,0
Assertiveness,Last-minute request,My neighbor asks me for a last-minute favor I can't really do.,"Say clearly that you can't this time, without a long justification.",Agree and rearrange your own plans to make it work.,0
Making Friends,New environment,I just started somewhere new with my mentor and want to build a friendship.,Try to befriend the most popular person first to meet others faster.,Show consistent interest over time and remember details they share.,1
Workplace Communication,Missed deadline,I realize I'm going to miss a deadline my coworker is expecting.,"Tell them as soon as you know, with a revised timeline.",Wait until the deadline passes and explain afterward.,0
Making Friends,Shared hobby,My old friend likes the same hobby as me and I want to build a friendship.,Suggest doing the hobby together at a low-pressure time.,Message them frequently about the hobby to build common ground fast.,0
Making Friends,Deepening a friendship,I want my friendship with my cousin to feel closer.,Do more favors for them so they feel obligated to get closer.,Share something a bit more personal and see how they respond.,1
Empathy,Fear of change,My mentor is scared about an upcoming change in their life.,Tell them there's nothing to worry about and it'll be fine.,Ask what specifically worries them before offering reassurance.,1
Nonverbal Communication,First meeting nerves,I'm nervous meeting my new employee and not sure how I'm coming across.,Keep your posture open and let there be some comfortable pauses.,Fill every silence with talking so there's never an awkward pause.,0
Nonverbal Communication,Silent agreement,My new employee nods but seems unsure during a conversation.,Check in directly to see if they actually agree or have concerns.,Take the nod as full agreement and move on.,0
Active Listening,Giving updates,My classmate is giving me a project update I need to fully understand.,Listen loosely since you can always ask questions later if needed.,Take notes and summarize back the key points before responding.,1
Empathy,Public embarrassment,My team lead did something embarrassing in front of others.,Pretend not to notice so they don't feel more embarrassed.,"Help them move past it with a light, kind comment.",1
Public Speaking,Speaking to a large group,I'm nervous speaking to a room that includes my new employee and many others.,Avoid eye contact so you don't get more nervous.,Pick one or two friendly faces in the room to speak toward.,1
Public Speaking,Unexpected question,My old friend asks a question during my talk that I don't know the answer to.,Give a general answer that sounds confident either way.,Admit you're not sure and offer to follow up after finding out.,1
Nonverbal Communication,Tone mismatch,My close friend says they're fine but their tone suggests otherwise.,Gently note the mismatch and ask if they want to talk about it.,Take their words at face value and move on.,0
Empathy,Fear of change,My roommate is scared about an upcoming change in their life.,Ask what specifically worries them before offering reassurance.,Tell them there's nothing to worry about and it'll be fine.,0
Nonverbal Communication,Crossed arms,My mentor has their arms crossed and seems distant.,Soften your own body language and ask an open question.,Mirror their crossed arms so the conversation feels balanced.,0
Workplace Communication,Missed deadline,I realize I'm going to miss a deadline my new employee is expecting.,Wait until the deadline passes and explain afterward.,"Tell them as soon as you know, with a revised timeline.",1
Empathy,Health scare,My team lead just got concerning medical news.,Immediately research solutions and send them information.,Ask how they're feeling about it and what kind of support they want.,1
Empathy,Setback,My close friend didn't get something they really wanted.,Remind them of other good things going on to help them feel better.,Let them express disappointment without rushing to the positives.,1
Active Listening,Long story,My mentor is telling a long story and I'm losing focus.,Let your mind wander until they get to the point.,Stay present and ask a question about a detail to re-engage.,1
Workplace Communication,Sensitive topic,I need to bring up a sensitive topic with my old friend at work.,Choose a private setting and lead with the specific concern.,Bring it up casually in a group setting to soften it.,0
Starting Conversations,Group setting,I want to join a conversation my new employee is already having with others.,"Listen for a moment, then add something relevant to what's being said.",Wait for a full pause before jumping in with a new topic.,0
Setting Boundaries,Overcommitted,My old friend keeps asking for favors that take up a lot of my time.,Keep saying yes so the relationship doesn't feel strained.,Say yes to what you can genuinely manage and be honest otherwise.,1
Making Friends,Mutual friend,"I want to become friends with my teammate, who I met through someone else.",Wait until the mutual friend brings you together again.,Reach out directly instead of relying on the mutual friend to connect you.,1
Workplace Communication,Cross-team request,I need something from my new employee on another team that isn't their priority.,Explain clearly why it matters and ask what timeline works.,Follow up frequently until they get to it.,0
Public Speaking,Impromptu speaking,My sibling asks me to say a few words with no preparation.,Try to cover everything you can think of on the spot.,"Take a breath, pick one point, and keep it short.",1
Public Speaking,Technical explanation,"I need to explain something technical to my neighbor, who isn't familiar with it.",Explain it exactly the way you'd explain it to an expert.,"Start with the simplest version, then add detail if they ask.",1
Active Listening,Instructions,My roommate is giving me instructions I need to follow exactly.,Repeat the instructions back to confirm before starting.,Start right away and ask questions only if something goes wrong.,0
Handling Criticism,Performance review,My classmate gave me a performance review lower than expected.,Push back on the rating before hearing the full explanation.,Ask for specific examples so you understand exactly what to improve.,1
Setting Boundaries,Emotional labor,My teammate relies on me a lot for emotional support.,Support them within limits and encourage other resources too.,Keep absorbing it all so they don't feel unsupported.,0
Empathy,Visible stress,My mentor seems overwhelmed but hasn't said anything.,Offer to take over their tasks without asking first.,Ask privately how they're doing and mention what you've noticed.,1
Teamwork,Conflicting styles,My mentor works very differently from me and it's causing friction.,Adjust your own style completely to match theirs.,Talk openly about work styles and agree on a middle ground.,1
Nonverbal Communication,Video call presence,I'm on a lot of video calls with my roommate and want to seem more engaged.,Keep your camera off so you can focus without distraction.,Look at the camera when speaking and nod occasionally.,1
Starting Conversations,Shared wait,I'm waiting for a bus with my roommate and want to strike up a chat.,Comment on something happening around you and see if they engage.,Ask them directly if they want to talk to pass the time.,0
Workplace Communication,Disagreeing publicly,My sibling says something inaccurate in a meeting with others present.,Note it calmly in the meeting or follow up privately after.,Correct them firmly in front of everyone right away.,0
Setting Boundaries,Unsolicited advice,My study partner keeps giving advice about a decision that's mine to make.,"Thank them for caring, then state clearly you've got it handled.",Nod along and quietly do what you were going to do anyway.,0
Empathy,Bad day,My classmate is clearly having a bad day but hasn't explained why.,Check in gently and let them share as much or as little as they want.,Give them space entirely so they can process it alone.,0
Making Friends,Quiet acquaintance,My teammate is quiet and seems like they'd be a good friend but rarely talks.,Include them in bigger group activities and wait for them to open up.,Approach them one-on-one and mention something specific you noticed.,1
Nonverbal Communication,Job interview,I have an interview with my coworker and want to make a good impression.,"Make steady eye contact and sit with an open, relaxed posture.",Focus mainly on what to say and not worry about body language.,0
Handling Criticism,Creative project,My cousin criticized a creative project I'm proud of.,Change the project significantly based on this one comment.,Consider which parts resonate with your own doubts and set aside the rest.,1
Starting Conversations,Meeting new people,I'm new to a group with my manager and don't know how to start talking.,Wait for someone to notice you're new and approach you first.,"Start with a simple question about what's going on around you, then build on their answer.",1
Public Speaking,Status update,I need to give my close friend a short status update on my work.,Walk through the process step by step in the order it happened.,"Lead with the headline result, then add detail only if asked.",1
Conflict Resolution,Money dispute,My cousin owes me money and hasn't brought it up.,Drop hints about it and hope they take the hint.,"Bring it up directly but kindly, mentioning the specific amount.",1
Public Speaking,Unexpected question,My teammate asks a question during my talk that I don't know the answer to.,Admit you're not sure and offer to follow up after finding out.,Give a general answer that sounds confident either way.,0
Making Friends,Reconnecting,I lost touch with my classmate and want to reconnect naturally.,Call them and explain in detail why you drifted apart.,"Send a short, warm message referencing a specific good memory.",1
Nonverbal Communication,Group photo moment,I want to seem approachable to my team lead in a group setting.,Stand slightly apart so you don't seem like you're intruding.,Keep an open stance and make brief eye contact with people as they talk.,1
Starting Conversations,Waiting room,I'm sitting next to my sibling in a waiting room and want to talk.,Ask them several personal questions to fill the time.,"Make an easy comment about the wait, then see if they want to keep talking.",1
Handling Criticism,Harsh review,I received a harsh review from my classmate that felt more personal than helpful.,Separate the useful points from the tone and ask a focused follow-up.,Dismiss the whole review since the tone felt unfair.,0
Public Speaking,Recorded presentation,I'm recording a presentation my teammate will watch later.,Keep it concise and structured since there's no live back-and-forth.,"Include everything you might normally say live, just in case.",0
Making Friends,New city,I moved somewhere new and want to build a friendship with my roommate.,Attend as many one-off events with them as possible.,Suggest a regular low-key activity together so contact becomes natural.,1
Making Friends,Mutual friend,"I want to become friends with my coworker, who I met through someone else.",Reach out directly instead of relying on the mutual friend to connect you.,Wait until the mutual friend brings you together again.,0
Nonverbal Communication,First meeting nerves,I'm nervous meeting my neighbor and not sure how I'm coming across.,Keep your posture open and let there be some comfortable pauses.,Fill every silence with talking so there's never an awkward pause.,0
Setting Boundaries,Repeated favors,My cousin keeps asking for the same favor without offering anything back.,Keep helping without saying anything about the imbalance.,Mention the pattern directly and see if something can change.,1
Making Friends,Awkward gap,There's been an awkward gap since I last talked to my manager.,Reach out casually without over-explaining the gap.,Apologize extensively for not reaching out sooner.,0
Setting Boundaries,After-hours messages,My cousin keeps messaging me about work late at night.,Reply right away every time so they know you're available.,Let them know you'll respond first thing in the morning unless urgent.,1
Handling Criticism,Performance review,My teammate gave me a performance review lower than expected.,Push back on the rating before hearing the full explanation.,Ask for specific examples so you understand exactly what to improve.,1
Nonverbal Communication,Video call presence,I'm on a lot of video calls with my mentor and want to seem more engaged.,Look at the camera when speaking and nod occasionally.,Keep your camera off so you can focus without distraction.,0
Empathy,Friend's loss,My new employee just lost a family member and I don't know what to say.,Acknowledge the loss simply and offer to help with something concrete.,Give them space and wait until they bring it up themselves.,0
Empathy,Feeling excluded,My coworker mentions feeling left out of a group.,Tell them they're overreacting and it's probably not personal.,"Validate the feeling before figuring out what, if anything, to do next.",1
Teamwork,Decision paralysis,My new employee and the team can't decide on next steps.,Propose a clear deadline for the decision and a simple way to choose.,Wait for someone else to take the lead on deciding.,0
Setting Boundaries,Emotional labor,My close friend relies on me a lot for emotional support.,Keep absorbing it all so they don't feel unsupported.,Support them within limits and encourage other resources too.,1
Making Friends,Mutual friend,"I want to become friends with my close friend, who I met through someone else.",Wait until the mutual friend brings you together again.,Reach out directly instead of relying on the mutual friend to connect you.,1
Making Friends,New city,I moved somewhere new and want to build a friendship with my close friend.,Suggest a regular low-key activity together so contact becomes natural.,Attend as many one-off events with them as possible.,0
Conflict Resolution,Broken promise,My sibling didn't follow through on something they promised.,"Mention it calmly and ask what happened, without assuming the worst.",Stop relying on them without saying anything about why.,0
Conflict Resolution,Boundary crossed,My sibling crossed a line I hadn't clearly stated before.,Stay upset internally but not bring it up since you hadn't said it before.,Explain the boundary clearly now and how you'd like things to go forward.,1
Handling Criticism,Friend's honest opinion,My close friend told me honestly they didn't like something I made.,Assume they just don't understand what you were going for.,Ask what specifically didn't work for them.,1
Active Listening,Differing opinion,My team lead shares an opinion in discussion that's different from mine.,Ask them to explain more before sharing your own view.,Wait for a pause and then explain why your view is more accurate.,0
Public Speaking,Unexpected question,My mentor asks a question during my talk that I don't know the answer to.,Admit you're not sure and offer to follow up after finding out.,Give a general answer that sounds confident either way.,0
Workplace Communication,Giving feedback up,"I need to give feedback to my coworker, who is more senior than me.",Wait for them to ask for feedback before offering any.,Frame it around impact and ask if they're open to a suggestion.,1
Starting Conversations,Awkward silence,There's an awkward silence with my coworker and I don't know what to say.,Fill the silence by talking about yourself until it feels less awkward.,Ask an open question about something you both just experienced.,1
Setting Boundaries,Repeated favors,My coworker keeps asking for the same favor without offering anything back.,Keep helping without saying anything about the imbalance.,Mention the pattern directly and see if something can change.,1
Conflict Resolution,Group project friction,My roommate and I clash on a shared project.,"Propose a short conversation focused only on the project, not personalities.",Split the work in half and avoid talking about the disagreement.,0
Assertiveness,Pressure to conform,My team lead is pressuring me to do something I'm not comfortable with.,"Say directly that you're not comfortable with it, without over-explaining.",Go along with it this once to avoid seeming judgmental.,0
Active Listening,Long story,My teammate is telling a long story and I'm losing focus.,Stay present and ask a question about a detail to re-engage.,Let your mind wander until they get to the point.,0
Assertiveness,Being interrupted,My manager keeps interrupting me when I talk.,Stop bringing up points so it doesn't happen again.,"Say calmly, 'I'd like to finish my point,' the next time it happens.",1
Active Listening,Important news,My teammate is telling me something important and I keep getting distracted.,Repeat back the main point to make sure you understood it.,Nod along while thinking about how you'll respond.,0
Empathy,Pre-exam anxiety,My team lead tells me they're anxious about a big test or evaluation.,Tell them they'll definitely do fine since they usually do.,Ask what part feels hardest and just listen.,1
Starting Conversations,Online intro,I want to message my sibling online for the first time without it feeling weird.,Send a long message explaining exactly why you're reaching out.,Reference something specific you have in common before asking a question.,1
Public Speaking,Toast or speech,I have to give a toast or speech in front of my classmate and don't know where to start.,"Pick one specific, genuine memory and build the speech around it.",Include as many jokes and stories as possible.,0
Nonverbal Communication,Reading the room,I want to tell if my study partner wants to keep talking or wrap up.,Keep the conversation going until they explicitly say they need to leave.,"Watch for cues like turning away or short answers, and offer an easy exit.",1
Public Speaking,Impromptu speaking,My close friend asks me to say a few words with no preparation.,Try to cover everything you can think of on the spot.,"Take a breath, pick one point, and keep it short.",1
Teamwork,Group decision fatigue,My classmate and the team keep re-deciding the same thing.,Suggest documenting the decision once it's made so it sticks.,Let the discussion happen again each time it comes up.,0
Starting Conversations,Party small talk,I don't know what to say to my coworker at a party.,Talk mainly about your own week so they get to know you.,Ask what brought them there and follow their lead from there.,1
Starting Conversations,First meeting,I'm about to meet my coworker for the first time and I'm nervous about the opener.,Prepare a detailed introduction covering your background so nothing is left out.,"Prepare one simple, genuine question rather than a rehearsed line.",1
Teamwork,Cross-functional friction,My close friend on another team isn't cooperating well with mine.,Escalate to management before trying to talk directly.,Set up a conversation to understand their constraints and priorities.,1
Making Friends,Long distance,My manager moved away and I want to keep the friendship going.,"Set a simple regular way to stay in touch, like a monthly call.",Wait for them to reach out first since they moved.,0
Workplace Communication,Disagreeing with decision,I disagree with a decision my old friend made.,Ask for a private conversation to share your concern.,Bring it up in a group meeting so others can weigh in.,0
Starting Conversations,Awkward silence,There's an awkward silence with my close friend and I don't know what to say.,Fill the silence by talking about yourself until it feels less awkward.,Ask an open question about something you both just experienced.,1
Public Speaking,Status update,I need to give my team lead a short status update on my work.,"Lead with the headline result, then add detail only if asked.",Walk through the process step by step in the order it happened.,0
Active Listening,Giving updates,My roommate is giving me a project update I need to fully understand.,Listen loosely since you can always ask questions later if needed.,Take notes and summarize back the key points before responding.,1
Teamwork,Silent teammate,My classmate rarely speaks up in team discussions.,Ask for their input directly during discussions.,Let them contribute in writing afterward instead of asking directly.,0
Making Friends,New city,I moved somewhere new and want to build a friendship with my old friend.,Suggest a regular low-key activity together so contact becomes natural.,Attend as many one-off events with them as possible.,0
Nonverbal Communication,First meeting nerves,I'm nervous meeting my close friend and not sure how I'm coming across.,Keep your posture open and let there be some comfortable pauses.,Fill every silence with talking so there's never an awkward pause.,0
Conflict Resolution,Public disagreement,My neighbor disagreed with me in front of others.,Stay calm in the moment and follow up with them privately after.,Push back just as strongly in front of the same group.,0
Teamwork,Remote coordination,Communication with my cousin keeps slipping through the cracks remotely.,Send more frequent individual messages to make sure nothing is missed.,Propose a short regular check-in and a shared doc for updates.,1
Teamwork,Decision paralysis,My coworker and the team can't decide on next steps.,Propose a clear deadline for the decision and a simple way to choose.,Wait for someone else to take the lead on deciding.,0
Active Listening,Long story,My old friend is telling a long story and I'm losing focus.,Stay present and ask a question about a detail to re-engage.,Let your mind wander until they get to the point.,0
Empathy,Setback,My coworker didn't get something they really wanted.,Remind them of other good things going on to help them feel better.,Let them express disappointment without rushing to the positives.,1
Empathy,Feeling excluded,My cousin mentions feeling left out of a group.,Tell them they're overreacting and it's probably not personal.,"Validate the feeling before figuring out what, if anything, to do next.",1
Workplace Communication,Unclear instructions,My old friend gave me a task but the instructions were unclear.,Ask a specific clarifying question before starting.,Start working right away and adjust later if it's wrong.,0
Making Friends,Awkward gap,There's been an awkward gap since I last talked to my roommate.,Apologize extensively for not reaching out sooner.,Reach out casually without over-explaining the gap.,1
Handling Criticism,Harsh review,I received a harsh review from my old friend that felt more personal than helpful.,Dismiss the whole review since the tone felt unfair.,Separate the useful points from the tone and ask a focused follow-up.,1
Teamwork,Group decision fatigue,My close friend and the team keep re-deciding the same thing.,Let the discussion happen again each time it comes up.,Suggest documenting the decision once it's made so it sticks.,1
Conflict Resolution,Public disagreement,My classmate disagreed with me in front of others.,Push back just as strongly in front of the same group.,Stay calm in the moment and follow up with them privately after.,1
Empathy,Health scare,My mentor just got concerning medical news.,Ask how they're feeling about it and what kind of support they want.,Immediately research solutions and send them information.,0
Conflict Resolution,Team disagreement,My neighbor and I disagree strongly about how to approach something.,Let whoever has more experience decide since they're likely right.,Ask them to explain their reasoning and look for common ground.,1
Conflict Resolution,Boundary crossed,My study partner crossed a line I hadn't clearly stated before.,Stay upset internally but not bring it up since you hadn't said it before.,Explain the boundary clearly now and how you'd like things to go forward.,1
Public Speaking,Technical explanation,"I need to explain something technical to my old friend, who isn't familiar with it.",Explain it exactly the way you'd explain it to an expert.,"Start with the simplest version, then add detail if they ask.",1
Active Listening,Upset call,My sibling calls me upset and I'm not sure what to say.,Let them talk it out and ask what happened next instead of jumping to solutions.,Offer solutions quickly so the problem feels handled.,0
Empathy,Difficult decision,My neighbor is torn over a difficult decision.,Ask questions that help them think it through rather than telling them what to do.,Tell them clearly what you think they should do.,0
Conflict Resolution,Broken promise,My study partner didn't follow through on something they promised.,Stop relying on them without saying anything about why.,"Mention it calmly and ask what happened, without assuming the worst.",1
Conflict Resolution,Group project friction,My close friend and I clash on a shared project.,Split the work in half and avoid talking about the disagreement.,"Propose a short conversation focused only on the project, not personalities.",1
Nonverbal Communication,Distracted listener,My neighbor seems distracted while I'm talking to them.,Keep talking at the same pace regardless.,Pause briefly and check in before continuing.,1
Starting Conversations,Reconnecting casually,I ran into my team lead after a long time and don't know how to start talking again.,Mention something specific you remember about them before asking what's new.,Apologize for being out of touch before saying anything else.,0
Handling Criticism,Creative project,My old friend criticized a creative project I'm proud of.,Consider which parts resonate with your own doubts and set aside the rest.,Change the project significantly based on this one comment.,0
Setting Boundaries,Family expectations,My roommate expects me at every gathering even when I'm exhausted.,Attend every one to avoid a difficult conversation.,Let them know in advance which ones you can make and why.,1
Conflict Resolution,Noise issue,My cousin is being loud in a way that's affecting me.,Escalate to someone in charge before talking to them directly.,Explain the specific issue calmly and propose a compromise.,1
Making Friends,Shared hobby,My teammate likes the same hobby as me and I want to build a friendship.,Message them frequently about the hobby to build common ground fast.,Suggest doing the hobby together at a low-pressure time.,1
Assertiveness,Price disagreement,I think what my old friend is charging or asking for is too much.,Accept it to avoid an awkward conversation.,Ask directly for the reasoning and mention your expectation.,1
Empathy,Health scare,My neighbor just got concerning medical news.,Ask how they're feeling about it and what kind of support they want.,Immediately research solutions and send them information.,0
Assertiveness,Last-minute request,My teammate asks me for a last-minute favor I can't really do.,"Say clearly that you can't this time, without a long justification.",Agree and rearrange your own plans to make it work.,0
Setting Boundaries,Overcommitted,My roommate keeps asking for favors that take up a lot of my time.,Say yes to what you can genuinely manage and be honest otherwise.,Keep saying yes so the relationship doesn't feel strained.,0
Empathy,Difficult decision,My sibling is torn over a difficult decision.,Ask questions that help them think it through rather than telling them what to do.,Tell them clearly what you think they should do.,0
Workplace Communication,Onboarding question,I have a lot of questions as I onboard and don't want to bother my old friend.,Batch your questions and ask them at a natural check-in time.,Avoid asking and try to figure everything out on your own.,0
Public Speaking,Toast or speech,I have to give a toast or speech in front of my mentor and don't know where to start.,Include as many jokes and stories as possible.,"Pick one specific, genuine memory and build the speech around it.",1
Handling Criticism,Performance review,My new employee gave me a performance review lower than expected.,Push back on the rating before hearing the full explanation.,Ask for specific examples so you understand exactly what to improve.,1
Conflict Resolution,Miscommunication,My classmate misunderstood something I said and got upset.,Assume it will blow over on its own without addressing it.,Clarify what you meant calmly and ask how they took it.,1
Empathy,Financial stress,My new employee hints at financial stress without saying it outright.,Offer money right away to solve the problem quickly.,Let them bring it up fully in their own time rather than pressing.,1
Teamwork,Conflicting styles,My new employee works very differently from me and it's causing friction.,Talk openly about work styles and agree on a middle ground.,Adjust your own style completely to match theirs.,0
Handling Criticism,Criticism of a decision,My classmate criticizes a decision I already made.,"Hear them out and note it for future decisions, even if it's done.",Explain in detail why the decision was the only reasonable option.,0
Public Speaking,Impromptu speaking,My new employee asks me to say a few words with no preparation.,Try to cover everything you can think of on the spot.,"Take a breath, pick one point, and keep it short.",1
Setting Boundaries,Unsolicited advice,My manager keeps giving advice about a decision that's mine to make.,"Thank them for caring, then state clearly you've got it handled.",Nod along and quietly do what you were going to do anyway.,0
Making Friends,Awkward gap,There's been an awkward gap since I last talked to my old friend.,Apologize extensively for not reaching out sooner.,Reach out casually without over-explaining the gap.,1
Handling Criticism,Criticism of a decision,My old friend criticizes a decision I already made.,Explain in detail why the decision was the only reasonable option.,"Hear them out and note it for future decisions, even if it's done.",1
Assertiveness,Repeated lateness,My roommate is consistently late when we meet.,Start showing up late yourself so it feels even.,Mention it directly and ask if a different time would work better.,1
Conflict Resolution,Broken promise,My teammate didn't follow through on something they promised.,"Mention it calmly and ask what happened, without assuming the worst.",Stop relying on them without saying anything about why.,0
Nonverbal Communication,Comforting someone,My new employee is upset and I want to comfort them without words getting in the way.,Talk continuously to fill the silence.,"Sit close, keep an open posture, and let your presence show support.",1
Nonverbal Communication,First meeting nerves,I'm nervous meeting my roommate and not sure how I'm coming across.,Fill every silence with talking so there's never an awkward pause.,Keep your posture open and let there be some comfortable pauses.,1
Empathy,Visible stress,My teammate seems overwhelmed but hasn't said anything.,Offer to take over their tasks without asking first.,Ask privately how they're doing and mention what you've noticed.,1
Starting Conversations,Event mingling,I'm at an event where my sibling is and I want to start a conversation.,"Comment on something shared in the moment, like the event itself.",Stand near them and wait until they start talking to you.,0
Workplace Communication,Difficult email,I need to email my roommate about a mistake that affected me.,State the issue factually and propose next steps.,Cc other people right away so the issue is taken seriously.,0
Conflict Resolution,Credit dispute,My team lead took credit for part of my idea.,Bring it up publicly so others hear the correction at once.,Talk to them privately first and explain how it affected you.,1
Setting Boundaries,Borrowed items,My old friend borrows things and often returns them late or damaged.,Tell them directly what you need going forward.,Stop mentioning it and quietly avoid lending to them again.,0
Empathy,Pre-exam anxiety,My manager tells me they're anxious about a big test or evaluation.,Tell them they'll definitely do fine since they usually do.,Ask what part feels hardest and just listen.,1
Handling Criticism,Group critique,My neighbor criticizes my idea in front of the whole group.,Defend the idea strongly right there to save face.,Respond calmly in the moment and reflect on it more afterward.,1
Public Speaking,Status update,I need to give my mentor a short status update on my work.,Walk through the process step by step in the order it happened.,"Lead with the headline result, then add detail only if asked.",1
Assertiveness,Being interrupted,My sibling keeps interrupting me when I talk.,Stop bringing up points so it doesn't happen again.,"Say calmly, 'I'd like to finish my point,' the next time it happens.",1
Nonverbal Communication,Crossed arms,My classmate has their arms crossed and seems distant.,Mirror their crossed arms so the conversation feels balanced.,Soften your own body language and ask an open question.,1
Assertiveness,Unwanted plans,My coworker keeps suggesting plans I don't actually want to do.,Keep agreeing and cancel at the last minute instead.,Say honestly that this activity isn't for you and suggest an alternative.,1
Active Listening,Disagreement in meeting,My close friend is explaining an idea I disagree with in a meeting.,Prepare your counterpoints while they're still talking.,"Let them finish, then ask a clarifying question about the unclear part.",1
Setting Boundaries,Repeated favors,My classmate keeps asking for the same favor without offering anything back.,Keep helping without saying anything about the imbalance.,Mention the pattern directly and see if something can change.,1
Workplace Communication,Giving feedback up,"I need to give feedback to my roommate, who is more senior than me.",Wait for them to ask for feedback before offering any.,Frame it around impact and ask if they're open to a suggestion.,1
Setting Boundaries,Financial boundary,My old friend asks to borrow money more often than feels comfortable.,Set a clear limit and explain it kindly.,Lend it each time to avoid an uncomfortable conversation.,0
Setting Boundaries,Unsolicited advice,My new employee keeps giving advice about a decision that's mine to make.,Nod along and quietly do what you were going to do anyway.,"Thank them for caring, then state clearly you've got it handled.",1
Starting Conversations,New coworker,My teammate just joined and I want to introduce myself well.,Give them a long rundown of how everything works before they've settled in.,Introduce yourself briefly and ask one easy question about their first days.,1
Public Speaking,Speaking to a large group,I'm nervous speaking to a room that includes my cousin and many others.,Avoid eye contact so you don't get more nervous.,Pick one or two friendly faces in the room to speak toward.,1
Workplace Communication,Meeting overload,My sibling keeps scheduling meetings that could be emails.,Attend all of them without raising the issue.,Suggest an async update as an alternative for some of them.,1
Public Speaking,Recorded presentation,I'm recording a presentation my coworker will watch later.,Keep it concise and structured since there's no live back-and-forth.,"Include everything you might normally say live, just in case.",0
Empathy,Visible stress,My team lead seems overwhelmed but hasn't said anything.,Ask privately how they're doing and mention what you've noticed.,Offer to take over their tasks without asking first.,0
Teamwork,Conflicting styles,My manager works very differently from me and it's causing friction.,Talk openly about work styles and agree on a middle ground.,Adjust your own style completely to match theirs.,0
Assertiveness,Disrespected opinion,My coworker dismisses my opinion in front of others.,Restate your point calmly and ask to be heard fully.,"Stay quiet in the moment and bring it up much later, if at all.",0
Making Friends,Group outings,I see my new employee often in groups but never one-on-one.,Talk to everyone equally and let closer bonds form on their own.,Invite them to do something just the two of you.,1
Conflict Resolution,After an argument,I had an argument with my cousin and we haven't spoken since.,Wait for them to reach out first since they were more upset.,Reach out and acknowledge the disagreement directly.,1
Conflict Resolution,Broken promise,My old friend didn't follow through on something they promised.,"Mention it calmly and ask what happened, without assuming the worst.",Stop relying on them without saying anything about why.,0
Handling Criticism,Unsolicited critique,My old friend critiques something I didn't ask for feedback on.,Explain why their critique doesn't apply in this case.,Thank them briefly and decide later what's actually useful.,1
Conflict Resolution,Team disagreement,My teammate and I disagree strongly about how to approach something.,Let whoever has more experience decide since they're likely right.,Ask them to explain their reasoning and look for common ground.,1
Conflict Resolution,Noise issue,My manager is being loud in a way that's affecting me.,Explain the specific issue calmly and propose a compromise.,Escalate to someone in charge before talking to them directly.,0
Assertiveness,Overloaded schedule,My manager keeps adding to my workload without checking capacity.,State clearly what's already on your plate and ask them to help prioritize.,Take on everything without comment and try to work faster.,0
Empathy,Visible stress,My coworker seems overwhelmed but hasn't said anything.,Ask privately how they're doing and mention what you've noticed.,Offer to take over their tasks without asking first.,0
Conflict Resolution,After an argument,I had an argument with my coworker and we haven't spoken since.,Reach out and acknowledge the disagreement directly.,Wait for them to reach out first since they were more upset.,0
Assertiveness,Uncomfortable joke,My new employee makes a joke at my expense that bothers me.,Laugh along so it doesn't seem like a big deal.,"Let them know directly, without making it a bigger issue than needed.",1
Making Friends,New parent friend,My old friend and I are both new parents and could become friends.,"Suggest a specific low-pressure plan, like a walk with the kids.",Wait until you run into each other again to suggest anything.,0
Active Listening,Instructions,My teammate is giving me instructions I need to follow exactly.,Start right away and ask questions only if something goes wrong.,Repeat the instructions back to confirm before starting.,1
Active Listening,Feedback session,My old friend is giving me feedback I didn't expect.,Explain your reasoning as soon as a point doesn't sit right with you.,"Listen fully before responding, even if you want to explain yourself.",1
Teamwork,Remote coordination,Communication with my close friend keeps slipping through the cracks remotely.,Propose a short regular check-in and a shared doc for updates.,Send more frequent individual messages to make sure nothing is missed.,0
Empathy,Feeling excluded,My teammate mentions feeling left out of a group.,Tell them they're overreacting and it's probably not personal.,"Validate the feeling before figuring out what, if anything, to do next.",1
Handling Criticism,Creative project,My teammate criticized a creative project I'm proud of.,Change the project significantly based on this one comment.,Consider which parts resonate with your own doubts and set aside the rest.,1
Active Listening,Complaint,My new employee is complaining about something that affects them directly.,Repeat their concern back in your own words before responding.,Apologize briefly and move on to explaining the policy or reasoning.,0
Setting Boundaries,Time boundary,My manager tends to run long in conversations when I have limited time.,Let them know upfront how much time you have.,Let the conversation run long to avoid seeming rude.,0
Workplace Communication,Disagreeing with decision,I disagree with a decision my manager made.,Ask for a private conversation to share your concern.,Bring it up in a group meeting so others can weigh in.,0
Making Friends,Mutual friend,"I want to become friends with my manager, who I met through someone else.",Reach out directly instead of relying on the mutual friend to connect you.,Wait until the mutual friend brings you together again.,0
Public Speaking,Speaking to a large group,I'm nervous speaking to a room that includes my coworker and many others.,Pick one or two friendly faces in the room to speak toward.,Avoid eye contact so you don't get more nervous.,0
Handling Criticism,Manager feedback,My old friend gave me critical feedback on something I worked hard on.,Thank them for the feedback and ask a specific question about improving.,Explain the reasons behind your choices before agreeing to change anything.,0
Handling Criticism,Group critique,My mentor criticizes my idea in front of the whole group.,Respond calmly in the moment and reflect on it more afterward.,Defend the idea strongly right there to save face.,0
Workplace Communication,Giving feedback up,"I need to give feedback to my old friend, who is more senior than me.",Wait for them to ask for feedback before offering any.,Frame it around impact and ask if they're open to a suggestion.,1
Public Speaking,Technical explanation,"I need to explain something technical to my close friend, who isn't familiar with it.","Start with the simplest version, then add detail if they ask.",Explain it exactly the way you'd explain it to an expert.,0
Assertiveness,Being interrupted,My neighbor keeps interrupting me when I talk.,"Say calmly, 'I'd like to finish my point,' the next time it happens.",Stop bringing up points so it doesn't happen again.,0
Empathy,Setback,My old friend didn't get something they really wanted.,Remind them of other good things going on to help them feel better.,Let them express disappointment without rushing to the positives.,1
Assertiveness,Repeated lateness,My neighbor is consistently late when we meet.,Mention it directly and ask if a different time would work better.,Start showing up late yourself so it feels even.,0
Workplace Communication,Disagreeing with decision,I disagree with a decision my coworker made.,Ask for a private conversation to share your concern.,Bring it up in a group meeting so others can weigh in.,0
Handling Criticism,Public correction,My manager corrected a mistake I made in front of others.,Acknowledge the correction calmly and thank them.,Correct them back on something minor later to feel even.,0
Starting Conversations,Party small talk,I don't know what to say to my teammate at a party.,Talk mainly about your own week so they get to know you.,Ask what brought them there and follow their lead from there.,1
Empathy,Fear of change,My cousin is scared about an upcoming change in their life.,Tell them there's nothing to worry about and it'll be fine.,Ask what specifically worries them before offering reassurance.,1
Nonverbal Communication,Distracted listener,My cousin seems distracted while I'm talking to them.,Keep talking at the same pace regardless.,Pause briefly and check in before continuing.,1
Nonverbal Communication,Video call presence,I'm on a lot of video calls with my close friend and want to seem more engaged.,Look at the camera when speaking and nod occasionally.,Keep your camera off so you can focus without distraction.,0
Nonverbal Communication,Comforting someone,My classmate is upset and I want to comfort them without words getting in the way.,Talk continuously to fill the silence.,"Sit close, keep an open posture, and let your presence show support.",1
Teamwork,Sharing credit,Our team succeeded mostly because of my coworker's extra effort.,Present it as a fully equal effort so no one feels singled out.,Acknowledge their specific contribution while recognizing the team too.,1
Setting Boundaries,Social media boundary,My team lead tags or posts about me in ways I'm not comfortable with.,Untag yourself quietly each time without saying anything.,Ask them directly to check with you before posting about you.,1
Active Listening,Upset call,My team lead calls me upset and I'm not sure what to say.,Offer solutions quickly so the problem feels handled.,Let them talk it out and ask what happened next instead of jumping to solutions.,1
Making Friends,New environment,I just started somewhere new with my study partner and want to build a friendship.,Show consistent interest over time and remember details they share.,Try to befriend the most popular person first to meet others faster.,0
Teamwork,Remote coordination,Communication with my teammate keeps slipping through the cracks remotely.,Send more frequent individual messages to make sure nothing is missed.,Propose a short regular check-in and a shared doc for updates.,1
Handling Criticism,Vague criticism,My team lead gives criticism that's vague and hard to act on.,Ask for a specific example to understand what they mean.,Guess at what they meant and adjust based on that guess.,0
Nonverbal Communication,Reading the room,I want to tell if my mentor wants to keep talking or wrap up.,Keep the conversation going until they explicitly say they need to leave.,"Watch for cues like turning away or short answers, and offer an easy exit.",1
Setting Boundaries,Time boundary,My teammate tends to run long in conversations when I have limited time.,Let them know upfront how much time you have.,Let the conversation run long to avoid seeming rude.,0
Teamwork,Silent teammate,My study partner rarely speaks up in team discussions.,Ask for their input directly during discussions.,Let them contribute in writing afterward instead of asking directly.,0
Making Friends,New city,I moved somewhere new and want to build a friendship with my classmate.,Suggest a regular low-key activity together so contact becomes natural.,Attend as many one-off events with them as possible.,0
Assertiveness,Unfair blame,I got blamed for something that wasn't my fault by my close friend.,"Explain calmly what actually happened, with specifics.",Let it go since bringing it up might seem difficult.,0
Workplace Communication,Unclear instructions,My study partner gave me a task but the instructions were unclear.,Start working right away and adjust later if it's wrong.,Ask a specific clarifying question before starting.,1
Setting Boundaries,Borrowed items,My classmate borrows things and often returns them late or damaged.,Stop mentioning it and quietly avoid lending to them again.,Tell them directly what you need going forward.,1
Assertiveness,Speaking up in group,I disagree with the direction my team lead and the group are taking.,"Voice your concern clearly once, with your reasoning.",Stay quiet since the group already seems to agree.,0
Conflict Resolution,Shared space,My neighbor keeps leaving a mess and it's bothering me.,Bring it up calmly in person and suggest a system that works for both of you.,Leave it as is until they notice the problem themselves.,0
Handling Criticism,Repeated feedback,I keep getting the same feedback from my classmate and others.,Assume it's a coincidence since they don't know each other.,Take it as a real signal worth addressing.,1
Workplace Communication,Disagreeing with decision,I disagree with a decision my study partner made.,Bring it up in a group meeting so others can weigh in.,Ask for a private conversation to share your concern.,1
Active Listening,Feedback session,My mentor is giving me feedback I didn't expect.,Explain your reasoning as soon as a point doesn't sit right with you.,"Listen fully before responding, even if you want to explain yourself.",1
Conflict Resolution,Boundary crossed,My teammate crossed a line I hadn't clearly stated before.,Explain the boundary clearly now and how you'd like things to go forward.,Stay upset internally but not bring it up since you hadn't said it before.,0
Making Friends,Awkward gap,There's been an awkward gap since I last talked to my neighbor.,Reach out casually without over-explaining the gap.,Apologize extensively for not reaching out sooner.,0
Nonverbal Communication,Tense meeting,My mentor seems tense during a meeting and it's affecting the room.,Match their tense energy so the seriousness is clear.,Keep your own tone calm and open to help ease the tension.,1
Active Listening,Long story,My team lead is telling a long story and I'm losing focus.,Let your mind wander until they get to the point.,Stay present and ask a question about a detail to re-engage.,1
Nonverbal Communication,Tone mismatch,My roommate says they're fine but their tone suggests otherwise.,Gently note the mismatch and ask if they want to talk about it.,Take their words at face value and move on.,0
Nonverbal Communication,Physical distance,My classmate seems to keep more physical distance than usual.,Respect the space and let them close the distance if they want to.,Move closer to make the conversation feel warmer.,0
Active Listening,Long story,My neighbor is telling a long story and I'm losing focus.,Stay present and ask a question about a detail to re-engage.,Let your mind wander until they get to the point.,0
Teamwork,Silent teammate,My close friend rarely speaks up in team discussions.,Ask for their input directly during discussions.,Let them contribute in writing afterward instead of asking directly.,0
Teamwork,Missed deadline,My close friend missed a deadline that affected the whole team.,Point out the missed deadline in front of the team.,Ask what happened and work together on a recovery plan.,1
Workplace Communication,Asking for more,I want to ask my roommate for a raise or more responsibility.,Mention it casually in passing to keep things low-pressure.,Schedule a dedicated conversation with specific examples ready.,1
Assertiveness,Price disagreement,I think what my mentor is charging or asking for is too much.,Accept it to avoid an awkward conversation.,Ask directly for the reasoning and mention your expectation.,1
Workplace Communication,Disagreeing publicly,My roommate says something inaccurate in a meeting with others present.,Correct them firmly in front of everyone right away.,Note it calmly in the meeting or follow up privately after.,1
Starting Conversations,First meeting,I'm about to meet my team lead for the first time and I'm nervous about the opener.,Prepare a detailed introduction covering your background so nothing is left out.,"Prepare one simple, genuine question rather than a rehearsed line.",1
Teamwork,Uneven workload,My old friend isn't doing their share of the work.,Quietly redo their part yourself so the project doesn't suffer.,Talk to them privately about specific tasks and ask what's going on.,1
Handling Criticism,Performance review,My close friend gave me a performance review lower than expected.,Ask for specific examples so you understand exactly what to improve.,Push back on the rating before hearing the full explanation.,0
Nonverbal Communication,Job interview,I have an interview with my neighbor and want to make a good impression.,Focus mainly on what to say and not worry about body language.,"Make steady eye contact and sit with an open, relaxed posture.",1
Public Speaking,Feedback after talk,My coworker gives me feedback on a talk I just gave.,Explain the choices you made before hearing them out fully.,Ask what specifically landed and what didn't.,1
Active Listening,Emotional topic,My study partner brings up something emotional and I want to respond well.,"Slow down, make eye contact, and let them finish before speaking.",Reassure them quickly that everything will be fine.,0
Conflict Resolution,Repeated issue,My team lead and I keep having the same argument about the same thing.,Bring up every past instance to show the pattern clearly.,Sit down outside the heated moment and agree on a clear plan.,1
Public Speaking,Status update,I need to give my old friend a short status update on my work.,"Lead with the headline result, then add detail only if asked.",Walk through the process step by step in the order it happened.,0
Workplace Communication,Requesting time off,I need to ask my classmate for time off during a busy period.,Ask at the last minute and let them figure out coverage.,Give as much notice as possible and offer a coverage plan.,1
Making Friends,Shared hobby,My coworker likes the same hobby as me and I want to build a friendship.,Message them frequently about the hobby to build common ground fast.,Suggest doing the hobby together at a low-pressure time.,1
Setting Boundaries,Space boundary,My team lead drops by unannounced more than I'd like.,Ask them kindly to check in before coming over.,Let it continue and just seem busy when they show up.,0
Workplace Communication,Missed deadline,I realize I'm going to miss a deadline my mentor is expecting.,Wait until the deadline passes and explain afterward.,"Tell them as soon as you know, with a revised timeline.",1
Handling Criticism,Performance review,My mentor gave me a performance review lower than expected.,Ask for specific examples so you understand exactly what to improve.,Push back on the rating before hearing the full explanation.,0
Setting Boundaries,Financial boundary,My sibling asks to borrow money more often than feels comfortable.,Lend it each time to avoid an uncomfortable conversation.,Set a clear limit and explain it kindly.,1
Empathy,Bad day,My manager is clearly having a bad day but hasn't explained why.,Give them space entirely so they can process it alone.,Check in gently and let them share as much or as little as they want.,1
Active Listening,Disagreement in meeting,My roommate is explaining an idea I disagree with in a meeting.,Prepare your counterpoints while they're still talking.,"Let them finish, then ask a clarifying question about the unclear part.",1
Making Friends,Deepening a friendship,I want my friendship with my new employee to feel closer.,Share something a bit more personal and see how they respond.,Do more favors for them so they feel obligated to get closer.,0
Conflict Resolution,Credit dispute,My study partner took credit for part of my idea.,Bring it up publicly so others hear the correction at once.,Talk to them privately first and explain how it affected you.,1
Active Listening,Emotional topic,My sibling brings up something emotional and I want to respond well.,"Slow down, make eye contact, and let them finish before speaking.",Reassure them quickly that everything will be fine.,0
Starting Conversations,Waiting room,I'm sitting next to my manager in a waiting room and want to talk.,"Make an easy comment about the wait, then see if they want to keep talking.",Ask them several personal questions to fill the time.,0
Public Speaking,Q&A nerves,I'm worried about freezing up during questions from my study partner.,"Take a breath, repeat the question in your own words, then answer.",Answer as quickly as possible to avoid an awkward silence.,0
Handling Criticism,Repeated feedback,I keep getting the same feedback from my manager and others.,Take it as a real signal worth addressing.,Assume it's a coincidence since they don't know each other.,0
Workplace Communication,Meeting overload,My manager keeps scheduling meetings that could be emails.,Suggest an async update as an alternative for some of them.,Attend all of them without raising the issue.,0
Conflict Resolution,Money dispute,My close friend owes me money and hasn't brought it up.,"Bring it up directly but kindly, mentioning the specific amount.",Drop hints about it and hope they take the hint.,0
Setting Boundaries,Family expectations,My neighbor expects me at every gathering even when I'm exhausted.,Attend every one to avoid a difficult conversation.,Let them know in advance which ones you can make and why.,1
Setting Boundaries,Borrowed items,My team lead borrows things and often returns them late or damaged.,Tell them directly what you need going forward.,Stop mentioning it and quietly avoid lending to them again.,0
Conflict Resolution,After an argument,I had an argument with my team lead and we haven't spoken since.,Reach out and acknowledge the disagreement directly.,Wait for them to reach out first since they were more upset.,0
Assertiveness,Disrespected opinion,My mentor dismisses my opinion in front of others.,Restate your point calmly and ask to be heard fully.,"Stay quiet in the moment and bring it up much later, if at all.",0
Setting Boundaries,Repeated favors,My close friend keeps asking for the same favor without offering anything back.,Keep helping without saying anything about the imbalance.,Mention the pattern directly and see if something can change.,1
Active Listening,Giving updates,My mentor is giving me a project update I need to fully understand.,Take notes and summarize back the key points before responding.,Listen loosely since you can always ask questions later if needed.,0
Setting Boundaries,Unsolicited advice,My team lead keeps giving advice about a decision that's mine to make.,Nod along and quietly do what you were going to do anyway.,"Thank them for caring, then state clearly you've got it handled.",1
Teamwork,Disagreeing on direction,My new employee and I can't agree on which idea to move forward with.,Go with whichever idea the more vocal person prefers.,Suggest listing pros and cons together so the decision feels shared.,1
Nonverbal Communication,Tense meeting,My cousin seems tense during a meeting and it's affecting the room.,Keep your own tone calm and open to help ease the tension.,Match their tense energy so the seriousness is clear.,0
Making Friends,After a favor,My roommate recently helped me out and I want to build on that.,Assume the favor already made you close and act accordingly.,Thank them specifically and suggest returning the favor sometime.,1
Active Listening,Giving updates,My sibling is giving me a project update I need to fully understand.,Take notes and summarize back the key points before responding.,Listen loosely since you can always ask questions later if needed.,0
Starting Conversations,Group setting,I want to join a conversation my sibling is already having with others.,"Listen for a moment, then add something relevant to what's being said.",Wait for a full pause before jumping in with a new topic.,0
Empathy,Comparing struggles,My coworker is struggling with something I've been through myself.,Focus on their specific experience rather than comparing to your own.,Share your own story in detail since it might help them relate.,0
Empathy,Comparing struggles,My manager is struggling with something I've been through myself.,Share your own story in detail since it might help them relate.,Focus on their specific experience rather than comparing to your own.,1
Making Friends,Group outings,I see my close friend often in groups but never one-on-one.,Invite them to do something just the two of you.,Talk to everyone equally and let closer bonds form on their own.,0
Nonverbal Communication,Group photo moment,I want to seem approachable to my study partner in a group setting.,Keep an open stance and make brief eye contact with people as they talk.,Stand slightly apart so you don't seem like you're intruding.,0
Making Friends,Group outings,I see my coworker often in groups but never one-on-one.,Talk to everyone equally and let closer bonds form on their own.,Invite them to do something just the two of you.,1
Nonverbal Communication,Silent agreement,My sibling nods but seems unsure during a conversation.,Take the nod as full agreement and move on.,Check in directly to see if they actually agree or have concerns.,1
Making Friends,Quiet acquaintance,My manager is quiet and seems like they'd be a good friend but rarely talks.,Approach them one-on-one and mention something specific you noticed.,Include them in bigger group activities and wait for them to open up.,0
Assertiveness,Price disagreement,I think what my manager is charging or asking for is too much.,Accept it to avoid an awkward conversation.,Ask directly for the reasoning and mention your expectation.,1
Workplace Communication,Unclear instructions,My close friend gave me a task but the instructions were unclear.,Start working right away and adjust later if it's wrong.,Ask a specific clarifying question before starting.,1
Setting Boundaries,Overcommitted,My mentor keeps asking for favors that take up a lot of my time.,Keep saying yes so the relationship doesn't feel strained.,Say yes to what you can genuinely manage and be honest otherwise.,1
Making Friends,Awkward gap,There's been an awkward gap since I last talked to my teammate.,Reach out casually without over-explaining the gap.,Apologize extensively for not reaching out sooner.,0
Making Friends,New city,I moved somewhere new and want to build a friendship with my coworker.,Attend as many one-off events with them as possible.,Suggest a regular low-key activity together so contact becomes natural.,1
Handling Criticism,Manager feedback,My study partner gave me critical feedback on something I worked hard on.,Explain the reasons behind your choices before agreeing to change anything.,Thank them for the feedback and ask a specific question about improving.,1
Teamwork,Remote coordination,Communication with my neighbor keeps slipping through the cracks remotely.,Send more frequent individual messages to make sure nothing is missed.,Propose a short regular check-in and a shared doc for updates.,1
Making Friends,Awkward gap,There's been an awkward gap since I last talked to my cousin.,Apologize extensively for not reaching out sooner.,Reach out casually without over-explaining the gap.,1
Starting Conversations,Event mingling,I'm at an event where my study partner is and I want to start a conversation.,Stand near them and wait until they start talking to you.,"Comment on something shared in the moment, like the event itself.",1
Workplace Communication,Giving feedback up,"I need to give feedback to my sibling, who is more senior than me.",Frame it around impact and ask if they're open to a suggestion.,Wait for them to ask for feedback before offering any.,0
Conflict Resolution,Group project friction,My teammate and I clash on a shared project.,"Propose a short conversation focused only on the project, not personalities.",Split the work in half and avoid talking about the disagreement.,0
Handling Criticism,Public correction,My study partner corrected a mistake I made in front of others.,Acknowledge the correction calmly and thank them.,Correct them back on something minor later to feel even.,0
Empathy,Public embarrassment,My manager did something embarrassing in front of others.,Pretend not to notice so they don't feel more embarrassed.,"Help them move past it with a light, kind comment.",1
Public Speaking,Unexpected question,My sibling asks a question during my talk that I don't know the answer to.,Admit you're not sure and offer to follow up after finding out.,Give a general answer that sounds confident either way.,0
Teamwork,Silent teammate,My cousin rarely speaks up in team discussions.,Ask for their input directly during discussions.,Let them contribute in writing afterward instead of asking directly.,0
Empathy,Pre-exam anxiety,My close friend tells me they're anxious about a big test or evaluation.,Ask what part feels hardest and just listen.,Tell them they'll definitely do fine since they usually do.,0
Conflict Resolution,Miscommunication,My close friend misunderstood something I said and got upset.,Clarify what you meant calmly and ask how they took it.,Assume it will blow over on its own without addressing it.,0
Assertiveness,Uncomfortable joke,My old friend makes a joke at my expense that bothers me.,Laugh along so it doesn't seem like a big deal.,"Let them know directly, without making it a bigger issue than needed.",1
Handling Criticism,Manager feedback,My new employee gave me critical feedback on something I worked hard on.,Explain the reasons behind your choices before agreeing to change anything.,Thank them for the feedback and ask a specific question about improving.,1
Starting Conversations,Meeting new people,I'm new to a group with my sibling and don't know how to start talking.,"Start with a simple question about what's going on around you, then build on their answer.",Wait for someone to notice you're new and approach you first.,0
Making Friends,Reconnecting,I lost touch with my neighbor and want to reconnect naturally.,Call them and explain in detail why you drifted apart.,"Send a short, warm message referencing a specific good memory.",1
Workplace Communication,Disagreeing with decision,I disagree with a decision my team lead made.,Ask for a private conversation to share your concern.,Bring it up in a group meeting so others can weigh in.,0
Teamwork,New teammate,My neighbor just joined the team and seems unsure of their role.,Let them observe for a while so they can figure it out on their own.,Check in directly and walk through how the team works.,1
Empathy,Visible stress,My manager seems overwhelmed but hasn't said anything.,Offer to take over their tasks without asking first.,Ask privately how they're doing and mention what you've noticed.,1
Handling Criticism,Repeated feedback,I keep getting the same feedback from my team lead and others.,Take it as a real signal worth addressing.,Assume it's a coincidence since they don't know each other.,0
Empathy,Feeling excluded,My classmate mentions feeling left out of a group.,"Validate the feeling before figuring out what, if anything, to do next.",Tell them they're overreacting and it's probably not personal.,0
Starting Conversations,Online intro,I want to message my close friend online for the first time without it feeling weird.,Send a long message explaining exactly why you're reaching out.,Reference something specific you have in common before asking a question.,1
Workplace Communication,Requesting time off,I need to ask my manager for time off during a busy period.,Give as much notice as possible and offer a coverage plan.,Ask at the last minute and let them figure out coverage.,0
Setting Boundaries,Repeated favors,My teammate keeps asking for the same favor without offering anything back.,Mention the pattern directly and see if something can change.,Keep helping without saying anything about the imbalance.,0
Active Listening,Emotional topic,My cousin brings up something emotional and I want to respond well.,"Slow down, make eye contact, and let them finish before speaking.",Reassure them quickly that everything will be fine.,0
Workplace Communication,Asking for more,I want to ask my close friend for a raise or more responsibility.,Mention it casually in passing to keep things low-pressure.,Schedule a dedicated conversation with specific examples ready.,1
Conflict Resolution,Repeated issue,My classmate and I keep having the same argument about the same thing.,Bring up every past instance to show the pattern clearly.,Sit down outside the heated moment and agree on a clear plan.,1
Workplace Communication,Disagreeing with decision,I disagree with a decision my new employee made.,Bring it up in a group meeting so others can weigh in.,Ask for a private conversation to share your concern.,1
Workplace Communication,Missed deadline,I realize I'm going to miss a deadline my study partner is expecting.,"Tell them as soon as you know, with a revised timeline.",Wait until the deadline passes and explain afterward.,0
Setting Boundaries,Overcommitted,My close friend keeps asking for favors that take up a lot of my time.,Keep saying yes so the relationship doesn't feel strained.,Say yes to what you can genuinely manage and be honest otherwise.,1
Handling Criticism,Repeated feedback,I keep getting the same feedback from my teammate and others.,Assume it's a coincidence since they don't know each other.,Take it as a real signal worth addressing.,1
Assertiveness,Uncomfortable joke,My study partner makes a joke at my expense that bothers me.,"Let them know directly, without making it a bigger issue than needed.",Laugh along so it doesn't seem like a big deal.,0
Nonverbal Communication,Reading the room,I want to tell if my sibling wants to keep talking or wrap up.,"Watch for cues like turning away or short answers, and offer an easy exit.",Keep the conversation going until they explicitly say they need to leave.,0
Setting Boundaries,Overcommitted,My new employee keeps asking for favors that take up a lot of my time.,Say yes to what you can genuinely manage and be honest otherwise.,Keep saying yes so the relationship doesn't feel strained.,0
Workplace Communication,Sensitive topic,I need to bring up a sensitive topic with my study partner at work.,Bring it up casually in a group setting to soften it.,Choose a private setting and lead with the specific concern.,1
Teamwork,Silent teammate,My coworker rarely speaks up in team discussions.,Ask for their input directly during discussions.,Let them contribute in writing afterward instead of asking directly.,0
Public Speaking,Toast or speech,I have to give a toast or speech in front of my neighbor and don't know where to start.,"Pick one specific, genuine memory and build the speech around it.",Include as many jokes and stories as possible.,0
Empathy,Feeling excluded,My roommate mentions feeling left out of a group.,Tell them they're overreacting and it's probably not personal.,"Validate the feeling before figuring out what, if anything, to do next.",1
Making Friends,New parent friend,My manager and I are both new parents and could become friends.,"Suggest a specific low-pressure plan, like a walk with the kids.",Wait until you run into each other again to suggest anything.,0
Nonverbal Communication,Reading the room,I want to tell if my close friend wants to keep talking or wrap up.,"Watch for cues like turning away or short answers, and offer an easy exit.",Keep the conversation going until they explicitly say they need to leave.,0
Assertiveness,Being interrupted,My teammate keeps interrupting me when I talk.,Stop bringing up points so it doesn't happen again.,"Say calmly, 'I'd like to finish my point,' the next time it happens.",1
Conflict Resolution,Credit dispute,My close friend took credit for part of my idea.,Talk to them privately first and explain how it affected you.,Bring it up publicly so others hear the correction at once.,0
Teamwork,Remote coordination,Communication with my new employee keeps slipping through the cracks remotely.,Send more frequent individual messages to make sure nothing is missed.,Propose a short regular check-in and a shared doc for updates.,1
Starting Conversations,Shared wait,I'm waiting for a bus with my new employee and want to strike up a chat.,Ask them directly if they want to talk to pass the time.,Comment on something happening around you and see if they engage.,1
Workplace Communication,Meeting overload,My old friend keeps scheduling meetings that could be emails.,Attend all of them without raising the issue.,Suggest an async update as an alternative for some of them.,1
Handling Criticism,Written feedback,My coworker left written feedback that's hard to interpret in tone.,Assume the harshest possible tone and respond defensively.,Ask a quick clarifying question rather than assuming the worst tone.,1
Setting Boundaries,Unsolicited advice,My mentor keeps giving advice about a decision that's mine to make.,Nod along and quietly do what you were going to do anyway.,"Thank them for caring, then state clearly you've got it handled.",1
Conflict Resolution,Miscommunication,My roommate misunderstood something I said and got upset.,Assume it will blow over on its own without addressing it.,Clarify what you meant calmly and ask how they took it.,1
Starting Conversations,Online intro,I want to message my mentor online for the first time without it feeling weird.,Reference something specific you have in common before asking a question.,Send a long message explaining exactly why you're reaching out.,0
Teamwork,Remote coordination,Communication with my roommate keeps slipping through the cracks remotely.,Send more frequent individual messages to make sure nothing is missed.,Propose a short regular check-in and a shared doc for updates.,1
Teamwork,Uneven workload,My roommate isn't doing their share of the work.,Quietly redo their part yourself so the project doesn't suffer.,Talk to them privately about specific tasks and ask what's going on.,1
Empathy,Friend's loss,My old friend just lost a family member and I don't know what to say.,Acknowledge the loss simply and offer to help with something concrete.,Give them space and wait until they bring it up themselves.,0
Conflict Resolution,Group project friction,My team lead and I clash on a shared project.,Split the work in half and avoid talking about the disagreement.,"Propose a short conversation focused only on the project, not personalities.",1
Teamwork,Decision paralysis,My teammate and the team can't decide on next steps.,Wait for someone else to take the lead on deciding.,Propose a clear deadline for the decision and a simple way to choose.,1
Workplace Communication,Difficult email,I need to email my sibling about a mistake that affected me.,Cc other people right away so the issue is taken seriously.,State the issue factually and propose next steps.,1
Assertiveness,Overloaded schedule,My sibling keeps adding to my workload without checking capacity.,State clearly what's already on your plate and ask them to help prioritize.,Take on everything without comment and try to work faster.,0
Starting Conversations,Shared wait,I'm waiting for a bus with my team lead and want to strike up a chat.,Comment on something happening around you and see if they engage.,Ask them directly if they want to talk to pass the time.,0
Handling Criticism,Written feedback,My cousin left written feedback that's hard to interpret in tone.,Ask a quick clarifying question rather than assuming the worst tone.,Assume the harshest possible tone and respond defensively.,0
Workplace Communication,Unclear instructions,My classmate gave me a task but the instructions were unclear.,Start working right away and adjust later if it's wrong.,Ask a specific clarifying question before starting.,1
Nonverbal Communication,Crossed arms,My coworker has their arms crossed and seems distant.,Mirror their crossed arms so the conversation feels balanced.,Soften your own body language and ask an open question.,1
Empathy,Financial stress,My classmate hints at financial stress without saying it outright.,Let them bring it up fully in their own time rather than pressing.,Offer money right away to solve the problem quickly.,0
Making Friends,Group outings,I see my teammate often in groups but never one-on-one.,Invite them to do something just the two of you.,Talk to everyone equally and let closer bonds form on their own.,0
Assertiveness,Disrespected opinion,My study partner dismisses my opinion in front of others.,"Stay quiet in the moment and bring it up much later, if at all.",Restate your point calmly and ask to be heard fully.,1
Teamwork,Sharing credit,Our team succeeded mostly because of my old friend's extra effort.,Acknowledge their specific contribution while recognizing the team too.,Present it as a fully equal effort so no one feels singled out.,0
Workplace Communication,Requesting time off,I need to ask my study partner for time off during a busy period.,Give as much notice as possible and offer a coverage plan.,Ask at the last minute and let them figure out coverage.,0
Empathy,Visible stress,My cousin seems overwhelmed but hasn't said anything.,Offer to take over their tasks without asking first.,Ask privately how they're doing and mention what you've noticed.,1
Public Speaking,Pitching an idea,I'm pitching an idea to my team lead and want it to land well.,Open with the problem and why it matters before the solution.,Open with every detail of the solution so nothing is missed.,0
Active Listening,Friend venting,My roommate is venting to me about a hard day.,Share a similar hard day you had so they know you understand.,Put distractions away and ask a follow-up question before offering advice.,1
Workplace Communication,Onboarding question,I have a lot of questions as I onboard and don't want to bother my coworker.,Batch your questions and ask them at a natural check-in time.,Avoid asking and try to figure everything out on your own.,0
Making Friends,After a favor,My close friend recently helped me out and I want to build on that.,Assume the favor already made you close and act accordingly.,Thank them specifically and suggest returning the favor sometime.,1
Making Friends,Quiet acquaintance,My sibling is quiet and seems like they'd be a good friend but rarely talks.,Approach them one-on-one and mention something specific you noticed.,Include them in bigger group activities and wait for them to open up.,0
Starting Conversations,Group setting,I want to join a conversation my classmate is already having with others.,"Listen for a moment, then add something relevant to what's being said.",Wait for a full pause before jumping in with a new topic.,0
Conflict Resolution,Group project friction,My mentor and I clash on a shared project.,"Propose a short conversation focused only on the project, not personalities.",Split the work in half and avoid talking about the disagreement.,0
Starting Conversations,Online intro,I want to message my team lead online for the first time without it feeling weird.,Send a long message explaining exactly why you're reaching out.,Reference something specific you have in common before asking a question.,1
Active Listening,Long story,My new employee is telling a long story and I'm losing focus.,Stay present and ask a question about a detail to re-engage.,Let your mind wander until they get to the point.,0
Making Friends,Shared hobby,My cousin likes the same hobby as me and I want to build a friendship.,Suggest doing the hobby together at a low-pressure time.,Message them frequently about the hobby to build common ground fast.,0
Nonverbal Communication,Job interview,I have an interview with my sibling and want to make a good impression.,"Make steady eye contact and sit with an open, relaxed posture.",Focus mainly on what to say and not worry about body language.,0
Handling Criticism,Harsh review,I received a harsh review from my cousin that felt more personal than helpful.,Dismiss the whole review since the tone felt unfair.,Separate the useful points from the tone and ask a focused follow-up.,1
Handling Criticism,Group critique,My roommate criticizes my idea in front of the whole group.,Defend the idea strongly right there to save face.,Respond calmly in the moment and reflect on it more afterward.,1
Assertiveness,Overloaded schedule,My close friend keeps adding to my workload without checking capacity.,Take on everything without comment and try to work faster.,State clearly what's already on your plate and ask them to help prioritize.,1
Starting Conversations,Meeting new people,I'm new to a group with my old friend and don't know how to start talking.,Wait for someone to notice you're new and approach you first.,"Start with a simple question about what's going on around you, then build on their answer.",1
Making Friends,After a favor,My mentor recently helped me out and I want to build on that.,Assume the favor already made you close and act accordingly.,Thank them specifically and suggest returning the favor sometime.,1
Teamwork,Uneven workload,My sibling isn't doing their share of the work.,Quietly redo their part yourself so the project doesn't suffer.,Talk to them privately about specific tasks and ask what's going on.,1
Teamwork,Disagreeing on direction,My neighbor and I can't agree on which idea to move forward with.,Go with whichever idea the more vocal person prefers.,Suggest listing pros and cons together so the decision feels shared.,1
Teamwork,Missed deadline,My sibling missed a deadline that affected the whole team.,Ask what happened and work together on a recovery plan.,Point out the missed deadline in front of the team.,0
Public Speaking,Feedback after talk,My teammate gives me feedback on a talk I just gave.,Ask what specifically landed and what didn't.,Explain the choices you made before hearing them out fully.,0
Making Friends,Shared hobby,My neighbor likes the same hobby as me and I want to build a friendship.,Suggest doing the hobby together at a low-pressure time.,Message them frequently about the hobby to build common ground fast.,0
Setting Boundaries,Overcommitted,My study partner keeps asking for favors that take up a lot of my time.,Say yes to what you can genuinely manage and be honest otherwise.,Keep saying yes so the relationship doesn't feel strained.,0
Assertiveness,Speaking up in group,I disagree with the direction my sibling and the group are taking.,"Voice your concern clearly once, with your reasoning.",Stay quiet since the group already seems to agree.,0
Workplace Communication,Meeting overload,My teammate keeps scheduling meetings that could be emails.,Suggest an async update as an alternative for some of them.,Attend all of them without raising the issue.,0
Starting Conversations,New coworker,My manager just joined and I want to introduce myself well.,Introduce yourself briefly and ask one easy question about their first days.,Give them a long rundown of how everything works before they've settled in.,0
Empathy,Comparing struggles,My team lead is struggling with something I've been through myself.,Share your own story in detail since it might help them relate.,Focus on their specific experience rather than comparing to your own.,1
Handling Criticism,Performance review,My team lead gave me a performance review lower than expected.,Ask for specific examples so you understand exactly what to improve.,Push back on the rating before hearing the full explanation.,0
Public Speaking,Losing the audience,I notice my close friend and others checking their phones while I present.,Speak faster to get through the remaining content.,"Pause, ask a quick question to re-engage the room, then continue.",1
Active Listening,Complaint,My roommate is complaining about something that affects them directly.,Apologize briefly and move on to explaining the policy or reasoning.,Repeat their concern back in your own words before responding.,1
Conflict Resolution,Broken promise,My new employee didn't follow through on something they promised.,"Mention it calmly and ask what happened, without assuming the worst.",Stop relying on them without saying anything about why.,0
Empathy,Setback,My manager didn't get something they really wanted.,Let them express disappointment without rushing to the positives.,Remind them of other good things going on to help them feel better.,0
Workplace Communication,Asking for more,I want to ask my neighbor for a raise or more responsibility.,Mention it casually in passing to keep things low-pressure.,Schedule a dedicated conversation with specific examples ready.,1
Public Speaking,Nervous before presenting,I have to present tomorrow with my manager in the room and I'm nervous.,Write out the entire speech word for word and read from the page.,Practice out loud a few times and focus on your main message.,1
Nonverbal Communication,Group photo moment,I want to seem approachable to my close friend in a group setting.,Keep an open stance and make brief eye contact with people as they talk.,Stand slightly apart so you don't seem like you're intruding.,0
Workplace Communication,Giving feedback up,"I need to give feedback to my study partner, who is more senior than me.",Frame it around impact and ask if they're open to a suggestion.,Wait for them to ask for feedback before offering any.,0
Workplace Communication,Cross-team request,I need something from my sibling on another team that isn't their priority.,Explain clearly why it matters and ask what timeline works.,Follow up frequently until they get to it.,0
Setting Boundaries,Social media boundary,My study partner tags or posts about me in ways I'm not comfortable with.,Ask them directly to check with you before posting about you.,Untag yourself quietly each time without saying anything.,0
Workplace Communication,Requesting time off,I need to ask my cousin for time off during a busy period.,Give as much notice as possible and offer a coverage plan.,Ask at the last minute and let them figure out coverage.,0
Workplace Communication,Asking for more,I want to ask my classmate for a raise or more responsibility.,Mention it casually in passing to keep things low-pressure.,Schedule a dedicated conversation with specific examples ready.,1
Teamwork,Unequal recognition,My coworker gets recognized more than others despite similar effort.,Work harder to try to get noticed the same way.,Mention the imbalance to whoever leads recognition decisions.,1
Active Listening,Instructions,My classmate is giving me instructions I need to follow exactly.,Start right away and ask questions only if something goes wrong.,Repeat the instructions back to confirm before starting.,1
Assertiveness,Last-minute request,My sibling asks me for a last-minute favor I can't really do.,Agree and rearrange your own plans to make it work.,"Say clearly that you can't this time, without a long justification.",1
Making Friends,Group outings,I see my mentor often in groups but never one-on-one.,Invite them to do something just the two of you.,Talk to everyone equally and let closer bonds form on their own.,0
Public Speaking,Unexpected question,My new employee asks a question during my talk that I don't know the answer to.,Give a general answer that sounds confident either way.,Admit you're not sure and offer to follow up after finding out.,1
Conflict Resolution,Money dispute,My coworker owes me money and hasn't brought it up.,Drop hints about it and hope they take the hint.,"Bring it up directly but kindly, mentioning the specific amount.",1
Setting Boundaries,Space boundary,My teammate drops by unannounced more than I'd like.,Ask them kindly to check in before coming over.,Let it continue and just seem busy when they show up.,0
Making Friends,Reconnecting,I lost touch with my coworker and want to reconnect naturally.,Call them and explain in detail why you drifted apart.,"Send a short, warm message referencing a specific good memory.",1
Assertiveness,Pressure to conform,My old friend is pressuring me to do something I'm not comfortable with.,Go along with it this once to avoid seeming judgmental.,"Say directly that you're not comfortable with it, without over-explaining.",1
Public Speaking,Pitching an idea,I'm pitching an idea to my classmate and want it to land well.,Open with the problem and why it matters before the solution.,Open with every detail of the solution so nothing is missed.,0
Workplace Communication,Disagreeing with decision,I disagree with a decision my neighbor made.,Bring it up in a group meeting so others can weigh in.,Ask for a private conversation to share your concern.,1
Active Listening,Casual catch-up,My roommate is catching me up on their week.,Ask a couple of specific follow-up questions to show you're engaged.,Wait for your turn to talk about your own week.,0
Setting Boundaries,Emotional labor,My manager relies on me a lot for emotional support.,Keep absorbing it all so they don't feel unsupported.,Support them within limits and encourage other resources too.,1
Public Speaking,Technical explanation,"I need to explain something technical to my teammate, who isn't familiar with it.","Start with the simplest version, then add detail if they ask.",Explain it exactly the way you'd explain it to an expert.,0
Assertiveness,Pressure to conform,My coworker is pressuring me to do something I'm not comfortable with.,Go along with it this once to avoid seeming judgmental.,"Say directly that you're not comfortable with it, without over-explaining.",1
Assertiveness,Unfair blame,I got blamed for something that wasn't my fault by my teammate.,Let it go since bringing it up might seem difficult.,"Explain calmly what actually happened, with specifics.",1
Active Listening,Casual catch-up,My cousin is catching me up on their week.,Wait for your turn to talk about your own week.,Ask a couple of specific follow-up questions to show you're engaged.,1
Setting Boundaries,Space boundary,My coworker drops by unannounced more than I'd like.,Let it continue and just seem busy when they show up.,Ask them kindly to check in before coming over.,1
Handling Criticism,Public correction,My roommate corrected a mistake I made in front of others.,Acknowledge the correction calmly and thank them.,Correct them back on something minor later to feel even.,0
Starting Conversations,Online intro,I want to message my neighbor online for the first time without it feeling weird.,Send a long message explaining exactly why you're reaching out.,Reference something specific you have in common before asking a question.,1
Teamwork,Remote coordination,Communication with my old friend keeps slipping through the cracks remotely.,Send more frequent individual messages to make sure nothing is missed.,Propose a short regular check-in and a shared doc for updates.,1
Workplace Communication,Requesting time off,I need to ask my coworker for time off during a busy period.,Give as much notice as possible and offer a coverage plan.,Ask at the last minute and let them figure out coverage.,0
Handling Criticism,Harsh review,I received a harsh review from my mentor that felt more personal than helpful.,Dismiss the whole review since the tone felt unfair.,Separate the useful points from the tone and ask a focused follow-up.,1
Starting Conversations,Event mingling,I'm at an event where my manager is and I want to start a conversation.,Stand near them and wait until they start talking to you.,"Comment on something shared in the moment, like the event itself.",1
Making Friends,Reconnecting,I lost touch with my mentor and want to reconnect naturally.,Call them and explain in detail why you drifted apart.,"Send a short, warm message referencing a specific good memory.",1
Teamwork,Uneven workload,My mentor isn't doing their share of the work.,Quietly redo their part yourself so the project doesn't suffer.,Talk to them privately about specific tasks and ask what's going on.,1
Public Speaking,Recorded presentation,I'm recording a presentation my classmate will watch later.,Keep it concise and structured since there's no live back-and-forth.,"Include everything you might normally say live, just in case.",0
Setting Boundaries,Time boundary,My study partner tends to run long in conversations when I have limited time.,Let them know upfront how much time you have.,Let the conversation run long to avoid seeming rude.,0
Nonverbal Communication,Job interview,I have an interview with my old friend and want to make a good impression.,Focus mainly on what to say and not worry about body language.,"Make steady eye contact and sit with an open, relaxed posture.",1
Assertiveness,Unwanted plans,My close friend keeps suggesting plans I don't actually want to do.,Say honestly that this activity isn't for you and suggest an alternative.,Keep agreeing and cancel at the last minute instead.,0
Empathy,Health scare,My coworker just got concerning medical news.,Immediately research solutions and send them information.,Ask how they're feeling about it and what kind of support they want.,1
Setting Boundaries,Repeated favors,My roommate keeps asking for the same favor without offering anything back.,Keep helping without saying anything about the imbalance.,Mention the pattern directly and see if something can change.,1
Active Listening,Casual catch-up,My mentor is catching me up on their week.,Ask a couple of specific follow-up questions to show you're engaged.,Wait for your turn to talk about your own week.,0
Active Listening,Friend venting,My study partner is venting to me about a hard day.,Share a similar hard day you had so they know you understand.,Put distractions away and ask a follow-up question before offering advice.,1
Making Friends,New environment,I just started somewhere new with my team lead and want to build a friendship.,Try to befriend the most popular person first to meet others faster.,Show consistent interest over time and remember details they share.,1
Public Speaking,Nervous before presenting,I have to present tomorrow with my cousin in the room and I'm nervous.,Practice out loud a few times and focus on your main message.,Write out the entire speech word for word and read from the page.,0
Active Listening,Disagreement in meeting,My new employee is explaining an idea I disagree with in a meeting.,"Let them finish, then ask a clarifying question about the unclear part.",Prepare your counterpoints while they're still talking.,0
Public Speaking,Status update,I need to give my cousin a short status update on my work.,"Lead with the headline result, then add detail only if asked.",Walk through the process step by step in the order it happened.,0
Assertiveness,Repeated lateness,My old friend is consistently late when we meet.,Start showing up late yourself so it feels even.,Mention it directly and ask if a different time would work better.,1
Starting Conversations,Meeting new people,I'm new to a group with my close friend and don't know how to start talking.,Wait for someone to notice you're new and approach you first.,"Start with a simple question about what's going on around you, then build on their answer.",1
Making Friends,Awkward gap,There's been an awkward gap since I last talked to my study partner.,Apologize extensively for not reaching out sooner.,Reach out casually without over-explaining the gap.,1
Conflict Resolution,After an argument,I had an argument with my classmate and we haven't spoken since.,Reach out and acknowledge the disagreement directly.,Wait for them to reach out first since they were more upset.,0
Starting Conversations,Awkward silence,There's an awkward silence with my teammate and I don't know what to say.,Fill the silence by talking about yourself until it feels less awkward.,Ask an open question about something you both just experienced.,1
Handling Criticism,Public correction,My neighbor corrected a mistake I made in front of others.,Correct them back on something minor later to feel even.,Acknowledge the correction calmly and thank them.,1
Workplace Communication,Disagreeing publicly,My teammate says something inaccurate in a meeting with others present.,Correct them firmly in front of everyone right away.,Note it calmly in the meeting or follow up privately after.,1
Workplace Communication,Meeting overload,My new employee keeps scheduling meetings that could be emails.,Suggest an async update as an alternative for some of them.,Attend all of them without raising the issue.,0
Assertiveness,Speaking up in group,I disagree with the direction my manager and the group are taking.,Stay quiet since the group already seems to agree.,"Voice your concern clearly once, with your reasoning.",1
Nonverbal Communication,Tone mismatch,My study partner says they're fine but their tone suggests otherwise.,Gently note the mismatch and ask if they want to talk about it.,Take their words at face value and move on.,0
Starting Conversations,First meeting,I'm about to meet my new employee for the first time and I'm nervous about the opener.,Prepare a detailed introduction covering your background so nothing is left out.,"Prepare one simple, genuine question rather than a rehearsed line.",1
Making Friends,New parent friend,My team lead and I are both new parents and could become friends.,"Suggest a specific low-pressure plan, like a walk with the kids.",Wait until you run into each other again to suggest anything.,0
Active Listening,Friend venting,My old friend is venting to me about a hard day.,Put distractions away and ask a follow-up question before offering advice.,Share a similar hard day you had so they know you understand.,0
Active Listening,Feedback session,My cousin is giving me feedback I didn't expect.,"Listen fully before responding, even if you want to explain yourself.",Explain your reasoning as soon as a point doesn't sit right with you.,0
Setting Boundaries,Borrowed items,My teammate borrows things and often returns them late or damaged.,Tell them directly what you need going forward.,Stop mentioning it and quietly avoid lending to them again.,0
Workplace Communication,Requesting time off,I need to ask my close friend for time off during a busy period.,Ask at the last minute and let them figure out coverage.,Give as much notice as possible and offer a coverage plan.,1
Active Listening,Important news,My new employee is telling me something important and I keep getting distracted.,Repeat back the main point to make sure you understood it.,Nod along while thinking about how you'll respond.,0
Conflict Resolution,Noise issue,My roommate is being loud in a way that's affecting me.,Escalate to someone in charge before talking to them directly.,Explain the specific issue calmly and propose a compromise.,1
Workplace Communication,Unclear instructions,My sibling gave me a task but the instructions were unclear.,Start working right away and adjust later if it's wrong.,Ask a specific clarifying question before starting.,1
Teamwork,New teammate,My close friend just joined the team and seems unsure of their role.,Check in directly and walk through how the team works.,Let them observe for a while so they can figure it out on their own.,0
Assertiveness,Price disagreement,I think what my close friend is charging or asking for is too much.,Ask directly for the reasoning and mention your expectation.,Accept it to avoid an awkward conversation.,0
Making Friends,Shared hobby,My new employee likes the same hobby as me and I want to build a friendship.,Message them frequently about the hobby to build common ground fast.,Suggest doing the hobby together at a low-pressure time.,1
Nonverbal Communication,Silent agreement,My roommate nods but seems unsure during a conversation.,Take the nod as full agreement and move on.,Check in directly to see if they actually agree or have concerns.,1
Assertiveness,Uncomfortable joke,My teammate makes a joke at my expense that bothers me.,"Let them know directly, without making it a bigger issue than needed.",Laugh along so it doesn't seem like a big deal.,0
Empathy,Pre-exam anxiety,My coworker tells me they're anxious about a big test or evaluation.,Tell them they'll definitely do fine since they usually do.,Ask what part feels hardest and just listen.,1
Assertiveness,Unfair blame,I got blamed for something that wasn't my fault by my team lead.,"Explain calmly what actually happened, with specifics.",Let it go since bringing it up might seem difficult.,0
Handling Criticism,Unsolicited critique,My close friend critiques something I didn't ask for feedback on.,Thank them briefly and decide later what's actually useful.,Explain why their critique doesn't apply in this case.,0
Assertiveness,Pressure to conform,My mentor is pressuring me to do something I'm not comfortable with.,"Say directly that you're not comfortable with it, without over-explaining.",Go along with it this once to avoid seeming judgmental.,0
Active Listening,Friend venting,My team lead is venting to me about a hard day.,Share a similar hard day you had so they know you understand.,Put distractions away and ask a follow-up question before offering advice.,1
Teamwork,Cross-functional friction,My neighbor on another team isn't cooperating well with mine.,Set up a conversation to understand their constraints and priorities.,Escalate to management before trying to talk directly.,0
Workplace Communication,Difficult email,I need to email my classmate about a mistake that affected me.,Cc other people right away so the issue is taken seriously.,State the issue factually and propose next steps.,1
Public Speaking,Recorded presentation,I'm recording a presentation my neighbor will watch later.,Keep it concise and structured since there's no live back-and-forth.,"Include everything you might normally say live, just in case.",0
Conflict Resolution,Miscommunication,My coworker misunderstood something I said and got upset.,Clarify what you meant calmly and ask how they took it.,Assume it will blow over on its own without addressing it.,0
Empathy,Public embarrassment,My coworker did something embarrassing in front of others.,Pretend not to notice so they don't feel more embarrassed.,"Help them move past it with a light, kind comment.",1
Starting Conversations,Reconnecting casually,I ran into my coworker after a long time and don't know how to start talking again.,Apologize for being out of touch before saying anything else.,Mention something specific you remember about them before asking what's new.,1
Conflict Resolution,Repeated issue,My close friend and I keep having the same argument about the same thing.,Bring up every past instance to show the pattern clearly.,Sit down outside the heated moment and agree on a clear plan.,1
Nonverbal Communication,Video call presence,I'm on a lot of video calls with my old friend and want to seem more engaged.,Keep your camera off so you can focus without distraction.,Look at the camera when speaking and nod occasionally.,1
Workplace Communication,Asking for more,I want to ask my mentor for a raise or more responsibility.,Mention it casually in passing to keep things low-pressure.,Schedule a dedicated conversation with specific examples ready.,1
Empathy,Friend's loss,My close friend just lost a family member and I don't know what to say.,Give them space and wait until they bring it up themselves.,Acknowledge the loss simply and offer to help with something concrete.,1
Active Listening,Long story,My coworker is telling a long story and I'm losing focus.,Stay present and ask a question about a detail to re-engage.,Let your mind wander until they get to the point.,0
Starting Conversations,Online intro,I want to message my manager online for the first time without it feeling weird.,Send a long message explaining exactly why you're reaching out.,Reference something specific you have in common before asking a question.,1
Starting Conversations,Shared wait,I'm waiting for a bus with my mentor and want to strike up a chat.,Ask them directly if they want to talk to pass the time.,Comment on something happening around you and see if they engage.,1
Nonverbal Communication,Reading the room,I want to tell if my neighbor wants to keep talking or wrap up.,"Watch for cues like turning away or short answers, and offer an easy exit.",Keep the conversation going until they explicitly say they need to leave.,0
Setting Boundaries,Unsolicited advice,My neighbor keeps giving advice about a decision that's mine to make.,Nod along and quietly do what you were going to do anyway.,"Thank them for caring, then state clearly you've got it handled.",1
Assertiveness,Overloaded schedule,My teammate keeps adding to my workload without checking capacity.,Take on everything without comment and try to work faster.,State clearly what's already on your plate and ask them to help prioritize.,1
Assertiveness,Last-minute request,My close friend asks me for a last-minute favor I can't really do.,Agree and rearrange your own plans to make it work.,"Say clearly that you can't this time, without a long justification.",1
Making Friends,Awkward gap,There's been an awkward gap since I last talked to my classmate.,Apologize extensively for not reaching out sooner.,Reach out casually without over-explaining the gap.,1
Handling Criticism,Repeated feedback,I keep getting the same feedback from my new employee and others.,Take it as a real signal worth addressing.,Assume it's a coincidence since they don't know each other.,0
Public Speaking,Recorded presentation,I'm recording a presentation my old friend will watch later.,Keep it concise and structured since there's no live back-and-forth.,"Include everything you might normally say live, just in case.",0
Empathy,Comparing struggles,My old friend is struggling with something I've been through myself.,Focus on their specific experience rather than comparing to your own.,Share your own story in detail since it might help them relate.,0
Active Listening,Complaint,My close friend is complaining about something that affects them directly.,Repeat their concern back in your own words before responding.,Apologize briefly and move on to explaining the policy or reasoning.,0
Conflict Resolution,Money dispute,My mentor owes me money and hasn't brought it up.,"Bring it up directly but kindly, mentioning the specific amount.",Drop hints about it and hope they take the hint.,0
Active Listening,Casual catch-up,My manager is catching me up on their week.,Ask a couple of specific follow-up questions to show you're engaged.,Wait for your turn to talk about your own week.,0
Starting Conversations,Awkward silence,There's an awkward silence with my team lead and I don't know what to say.,Ask an open question about something you both just experienced.,Fill the silence by talking about yourself until it feels less awkward.,0
Active Listening,Important news,My roommate is telling me something important and I keep getting distracted.,Repeat back the main point to make sure you understood it.,Nod along while thinking about how you'll respond.,0
Active Listening,Giving updates,My new employee is giving me a project update I need to fully understand.,Take notes and summarize back the key points before responding.,Listen loosely since you can always ask questions later if needed.,0
Making Friends,Quiet acquaintance,My neighbor is quiet and seems like they'd be a good friend but rarely talks.,Include them in bigger group activities and wait for them to open up.,Approach them one-on-one and mention something specific you noticed.,1
Workplace Communication,Difficult email,I need to email my close friend about a mistake that affected me.,State the issue factually and propose next steps.,Cc other people right away so the issue is taken seriously.,0
Public Speaking,Unexpected question,My neighbor asks a question during my talk that I don't know the answer to.,Give a general answer that sounds confident either way.,Admit you're not sure and offer to follow up after finding out.,1
Nonverbal Communication,First meeting nerves,I'm nervous meeting my mentor and not sure how I'm coming across.,Fill every silence with talking so there's never an awkward pause.,Keep your posture open and let there be some comfortable pauses.,1
Making Friends,Shared hobby,My roommate likes the same hobby as me and I want to build a friendship.,Message them frequently about the hobby to build common ground fast.,Suggest doing the hobby together at a low-pressure time.,1
Workplace Communication,Missed deadline,I realize I'm going to miss a deadline my team lead is expecting.,"Tell them as soon as you know, with a revised timeline.",Wait until the deadline passes and explain afterward.,0
Teamwork,New teammate,My cousin just joined the team and seems unsure of their role.,Let them observe for a while so they can figure it out on their own.,Check in directly and walk through how the team works.,1
Making Friends,New parent friend,My coworker and I are both new parents and could become friends.,"Suggest a specific low-pressure plan, like a walk with the kids.",Wait until you run into each other again to suggest anything.,0
Setting Boundaries,Personal questions,My old friend keeps asking about my personal life in ways that feel intrusive.,Politely redirect the conversation and keep answers brief.,Answer fully each time so you don't seem unfriendly.,0
Empathy,Public embarrassment,My roommate did something embarrassing in front of others.,"Help them move past it with a light, kind comment.",Pretend not to notice so they don't feel more embarrassed.,0
Empathy,Comparing struggles,My new employee is struggling with something I've been through myself.,Share your own story in detail since it might help them relate.,Focus on their specific experience rather than comparing to your own.,1
Teamwork,Group decision fatigue,My cousin and the team keep re-deciding the same thing.,Suggest documenting the decision once it's made so it sticks.,Let the discussion happen again each time it comes up.,0
Conflict Resolution,Repeated issue,My new employee and I keep having the same argument about the same thing.,Sit down outside the heated moment and agree on a clear plan.,Bring up every past instance to show the pattern clearly.,0
Empathy,Financial stress,My cousin hints at financial stress without saying it outright.,Offer money right away to solve the problem quickly.,Let them bring it up fully in their own time rather than pressing.,1
Teamwork,Uneven workload,My manager isn't doing their share of the work.,Quietly redo their part yourself so the project doesn't suffer.,Talk to them privately about specific tasks and ask what's going on.,1
Teamwork,New teammate,My teammate just joined the team and seems unsure of their role.,Let them observe for a while so they can figure it out on their own.,Check in directly and walk through how the team works.,1
Nonverbal Communication,First meeting nerves,I'm nervous meeting my old friend and not sure how I'm coming across.,Fill every silence with talking so there's never an awkward pause.,Keep your posture open and let there be some comfortable pauses.,1
Active Listening,Disagreement in meeting,My cousin is explaining an idea I disagree with in a meeting.,"Let them finish, then ask a clarifying question about the unclear part.",Prepare your counterpoints while they're still talking.,0
Assertiveness,Uncomfortable joke,My close friend makes a joke at my expense that bothers me.,Laugh along so it doesn't seem like a big deal.,"Let them know directly, without making it a bigger issue than needed.",1
Public Speaking,Feedback after talk,My study partner gives me feedback on a talk I just gave.,Explain the choices you made before hearing them out fully.,Ask what specifically landed and what didn't.,1
Teamwork,Uneven workload,My study partner isn't doing their share of the work.,Talk to them privately about specific tasks and ask what's going on.,Quietly redo their part yourself so the project doesn't suffer.,0
Workplace Communication,Unclear instructions,My neighbor gave me a task but the instructions were unclear.,Start working right away and adjust later if it's wrong.,Ask a specific clarifying question before starting.,1
Starting Conversations,Elevator moment,I'm stuck in an elevator with my neighbor and it's silent.,"Make a light, easy comment about the situation to break the ice.",Stay quiet since small talk in short moments can feel forced.,0
Starting Conversations,Reconnecting casually,I ran into my teammate after a long time and don't know how to start talking again.,Apologize for being out of touch before saying anything else.,Mention something specific you remember about them before asking what's new.,1
Teamwork,Missed deadline,My new employee missed a deadline that affected the whole team.,Ask what happened and work together on a recovery plan.,Point out the missed deadline in front of the team.,0
Assertiveness,Unreasonable request,My classmate asks for something that isn't reasonable given the timeline.,Explain what's realistic and propose an alternative timeline.,Agree to the timeline and rush to make it work anyway.,0
Nonverbal Communication,Tone mismatch,My sibling says they're fine but their tone suggests otherwise.,Take their words at face value and move on.,Gently note the mismatch and ask if they want to talk about it.,1
Conflict Resolution,Shared space,My teammate keeps leaving a mess and it's bothering me.,Bring it up calmly in person and suggest a system that works for both of you.,Leave it as is until they notice the problem themselves.,0
Active Listening,Instructions,My cousin is giving me instructions I need to follow exactly.,Start right away and ask questions only if something goes wrong.,Repeat the instructions back to confirm before starting.,1
Public Speaking,Pitching an idea,I'm pitching an idea to my sibling and want it to land well.,Open with every detail of the solution so nothing is missed.,Open with the problem and why it matters before the solution.,1
Handling Criticism,Group critique,My old friend criticizes my idea in front of the whole group.,Defend the idea strongly right there to save face.,Respond calmly in the moment and reflect on it more afterward.,1
Workplace Communication,Onboarding question,I have a lot of questions as I onboard and don't want to bother my new employee.,Batch your questions and ask them at a natural check-in time.,Avoid asking and try to figure everything out on your own.,0
Handling Criticism,Performance review,My roommate gave me a performance review lower than expected.,Push back on the rating before hearing the full explanation.,Ask for specific examples so you understand exactly what to improve.,1
Conflict Resolution,Broken promise,My team lead didn't follow through on something they promised.,"Mention it calmly and ask what happened, without assuming the worst.",Stop relying on them without saying anything about why.,0
Setting Boundaries,Social media boundary,My sibling tags or posts about me in ways I'm not comfortable with.,Untag yourself quietly each time without saying anything.,Ask them directly to check with you before posting about you.,1
Setting Boundaries,Borrowed items,My manager borrows things and often returns them late or damaged.,Tell them directly what you need going forward.,Stop mentioning it and quietly avoid lending to them again.,0
Making Friends,After a favor,My cousin recently helped me out and I want to build on that.,Assume the favor already made you close and act accordingly.,Thank them specifically and suggest returning the favor sometime.,1
Assertiveness,Being interrupted,My classmate keeps interrupting me when I talk.,Stop bringing up points so it doesn't happen again.,"Say calmly, 'I'd like to finish my point,' the next time it happens.",1
Teamwork,Sharing credit,Our team succeeded mostly because of my cousin's extra effort.,Present it as a fully equal effort so no one feels singled out.,Acknowledge their specific contribution while recognizing the team too.,1
Public Speaking,Toast or speech,I have to give a toast or speech in front of my old friend and don't know where to start.,Include as many jokes and stories as possible.,"Pick one specific, genuine memory and build the speech around it.",1
Workplace Communication,Cross-team request,I need something from my coworker on another team that isn't their priority.,Explain clearly why it matters and ask what timeline works.,Follow up frequently until they get to it.,0
Making Friends,Shared hobby,My team lead likes the same hobby as me and I want to build a friendship.,Message them frequently about the hobby to build common ground fast.,Suggest doing the hobby together at a low-pressure time.,1
Handling Criticism,Unsolicited critique,My neighbor critiques something I didn't ask for feedback on.,Explain why their critique doesn't apply in this case.,Thank them briefly and decide later what's actually useful.,1
Nonverbal Communication,Distracted listener,My old friend seems distracted while I'm talking to them.,Keep talking at the same pace regardless.,Pause briefly and check in before continuing.,1
Empathy,Visible stress,My study partner seems overwhelmed but hasn't said anything.,Offer to take over their tasks without asking first.,Ask privately how they're doing and mention what you've noticed.,1
Making Friends,Group outings,I see my study partner often in groups but never one-on-one.,Talk to everyone equally and let closer bonds form on their own.,Invite them to do something just the two of you.,1
Starting Conversations,First meeting,I'm about to meet my roommate for the first time and I'm nervous about the opener.,Prepare a detailed introduction covering your background so nothing is left out.,"Prepare one simple, genuine question rather than a rehearsed line.",1
Nonverbal Communication,Comforting someone,My sibling is upset and I want to comfort them without words getting in the way.,"Sit close, keep an open posture, and let your presence show support.",Talk continuously to fill the silence.,0
Handling Criticism,Vague criticism,My sibling gives criticism that's vague and hard to act on.,Guess at what they meant and adjust based on that guess.,Ask for a specific example to understand what they mean.,1
Empathy,Public embarrassment,My study partner did something embarrassing in front of others.,Pretend not to notice so they don't feel more embarrassed.,"Help them move past it with a light, kind comment.",1
Making Friends,Mutual friend,"I want to become friends with my mentor, who I met through someone else.",Wait until the mutual friend brings you together again.,Reach out directly instead of relying on the mutual friend to connect you.,1
Setting Boundaries,Social media boundary,My manager tags or posts about me in ways I'm not comfortable with.,Ask them directly to check with you before posting about you.,Untag yourself quietly each time without saying anything.,0
Teamwork,Unequal recognition,My cousin gets recognized more than others despite similar effort.,Mention the imbalance to whoever leads recognition decisions.,Work harder to try to get noticed the same way.,0
Starting Conversations,Group setting,I want to join a conversation my mentor is already having with others.,"Listen for a moment, then add something relevant to what's being said.",Wait for a full pause before jumping in with a new topic.,0
Making Friends,Long distance,My new employee moved away and I want to keep the friendship going.,"Set a simple regular way to stay in touch, like a monthly call.",Wait for them to reach out first since they moved.,0
Starting Conversations,Group setting,I want to join a conversation my coworker is already having with others.,"Listen for a moment, then add something relevant to what's being said.",Wait for a full pause before jumping in with a new topic.,0
Starting Conversations,Waiting room,I'm sitting next to my study partner in a waiting room and want to talk.,"Make an easy comment about the wait, then see if they want to keep talking.",Ask them several personal questions to fill the time.,0
Public Speaking,Speaking to a large group,I'm nervous speaking to a room that includes my roommate and many others.,Pick one or two friendly faces in the room to speak toward.,Avoid eye contact so you don't get more nervous.,0
Handling Criticism,Group critique,My classmate criticizes my idea in front of the whole group.,Respond calmly in the moment and reflect on it more afterward.,Defend the idea strongly right there to save face.,0
Starting Conversations,Party small talk,I don't know what to say to my neighbor at a party.,Ask what brought them there and follow their lead from there.,Talk mainly about your own week so they get to know you.,0
Handling Criticism,Vague criticism,My cousin gives criticism that's vague and hard to act on.,Guess at what they meant and adjust based on that guess.,Ask for a specific example to understand what they mean.,1
Handling Criticism,Written feedback,My sibling left written feedback that's hard to interpret in tone.,Assume the harshest possible tone and respond defensively.,Ask a quick clarifying question rather than assuming the worst tone.,1
Nonverbal Communication,Comforting someone,My teammate is upset and I want to comfort them without words getting in the way.,Talk continuously to fill the silence.,"Sit close, keep an open posture, and let your presence show support.",1
Setting Boundaries,Borrowed items,My mentor borrows things and often returns them late or damaged.,Stop mentioning it and quietly avoid lending to them again.,Tell them directly what you need going forward.,1
Starting Conversations,Awkward silence,There's an awkward silence with my cousin and I don't know what to say.,Ask an open question about something you both just experienced.,Fill the silence by talking about yourself until it feels less awkward.,0
Public Speaking,Losing the audience,I notice my classmate and others checking their phones while I present.,Speak faster to get through the remaining content.,"Pause, ask a quick question to re-engage the room, then continue.",1
Active Listening,Long story,My study partner is telling a long story and I'm losing focus.,Let your mind wander until they get to the point.,Stay present and ask a question about a detail to re-engage.,1
Conflict Resolution,Miscommunication,My team lead misunderstood something I said and got upset.,Clarify what you meant calmly and ask how they took it.,Assume it will blow over on its own without addressing it.,0
Workplace Communication,Disagreeing with decision,I disagree with a decision my teammate made.,Ask for a private conversation to share your concern.,Bring it up in a group meeting so others can weigh in.,0
Nonverbal Communication,Physical distance,My sibling seems to keep more physical distance than usual.,Move closer to make the conversation feel warmer.,Respect the space and let them close the distance if they want to.,1
Conflict Resolution,Public disagreement,My roommate disagreed with me in front of others.,Push back just as strongly in front of the same group.,Stay calm in the moment and follow up with them privately after.,1
Conflict Resolution,Boundary crossed,My coworker crossed a line I hadn't clearly stated before.,Explain the boundary clearly now and how you'd like things to go forward.,Stay upset internally but not bring it up since you hadn't said it before.,0
Assertiveness,Unwanted plans,My mentor keeps suggesting plans I don't actually want to do.,Keep agreeing and cancel at the last minute instead.,Say honestly that this activity isn't for you and suggest an alternative.,1
Public Speaking,Feedback after talk,My classmate gives me feedback on a talk I just gave.,Ask what specifically landed and what didn't.,Explain the choices you made before hearing them out fully.,0
Teamwork,New teammate,My manager just joined the team and seems unsure of their role.,Let them observe for a while so they can figure it out on their own.,Check in directly and walk through how the team works.,1
Active Listening,Disagreement in meeting,My teammate is explaining an idea I disagree with in a meeting.,Prepare your counterpoints while they're still talking.,"Let them finish, then ask a clarifying question about the unclear part.",1
Assertiveness,Pressure to conform,My new employee is pressuring me to do something I'm not comfortable with.,"Say directly that you're not comfortable with it, without over-explaining.",Go along with it this once to avoid seeming judgmental.,0
Active Listening,Complaint,My sibling is complaining about something that affects them directly.,Apologize briefly and move on to explaining the policy or reasoning.,Repeat their concern back in your own words before responding.,1
Empathy,Financial stress,My coworker hints at financial stress without saying it outright.,Offer money right away to solve the problem quickly.,Let them bring it up fully in their own time rather than pressing.,1
Teamwork,Remote coordination,Communication with my classmate keeps slipping through the cracks remotely.,Propose a short regular check-in and a shared doc for updates.,Send more frequent individual messages to make sure nothing is missed.,0
Starting Conversations,Meeting new people,I'm new to a group with my team lead and don't know how to start talking.,"Start with a simple question about what's going on around you, then build on their answer.",Wait for someone to notice you're new and approach you first.,0
Starting Conversations,Waiting room,I'm sitting next to my team lead in a waiting room and want to talk.,"Make an easy comment about the wait, then see if they want to keep talking.",Ask them several personal questions to fill the time.,0
Starting Conversations,New coworker,My sibling just joined and I want to introduce myself well.,Give them a long rundown of how everything works before they've settled in.,Introduce yourself briefly and ask one easy question about their first days.,1
Setting Boundaries,After-hours messages,My new employee keeps messaging me about work late at night.,Reply right away every time so they know you're available.,Let them know you'll respond first thing in the morning unless urgent.,1
Starting Conversations,Online intro,I want to message my teammate online for the first time without it feeling weird.,Reference something specific you have in common before asking a question.,Send a long message explaining exactly why you're reaching out.,0
Setting Boundaries,Space boundary,My manager drops by unannounced more than I'd like.,Ask them kindly to check in before coming over.,Let it continue and just seem busy when they show up.,0
Starting Conversations,Elevator moment,I'm stuck in an elevator with my team lead and it's silent.,Stay quiet since small talk in short moments can feel forced.,"Make a light, easy comment about the situation to break the ice.",1
Active Listening,Long story,My sibling is telling a long story and I'm losing focus.,Let your mind wander until they get to the point.,Stay present and ask a question about a detail to re-engage.,1
Conflict Resolution,Credit dispute,My sibling took credit for part of my idea.,Talk to them privately first and explain how it affected you.,Bring it up publicly so others hear the correction at once.,0
Handling Criticism,Group critique,My study partner criticizes my idea in front of the whole group.,Respond calmly in the moment and reflect on it more afterward.,Defend the idea strongly right there to save face.,0
Nonverbal Communication,Group photo moment,I want to seem approachable to my classmate in a group setting.,Stand slightly apart so you don't seem like you're intruding.,Keep an open stance and make brief eye contact with people as they talk.,1
Handling Criticism,Vague criticism,My classmate gives criticism that's vague and hard to act on.,Ask for a specific example to understand what they mean.,Guess at what they meant and adjust based on that guess.,0
Nonverbal Communication,Video call presence,I'm on a lot of video calls with my sibling and want to seem more engaged.,Keep your camera off so you can focus without distraction.,Look at the camera when speaking and nod occasionally.,1
Nonverbal Communication,Distracted listener,My roommate seems distracted while I'm talking to them.,Keep talking at the same pace regardless.,Pause briefly and check in before continuing.,1
Public Speaking,Speaking to a large group,I'm nervous speaking to a room that includes my old friend and many others.,Avoid eye contact so you don't get more nervous.,Pick one or two friendly faces in the room to speak toward.,1
Active Listening,Giving updates,My close friend is giving me a project update I need to fully understand.,Listen loosely since you can always ask questions later if needed.,Take notes and summarize back the key points before responding.,1
Active Listening,Instructions,My team lead is giving me instructions I need to follow exactly.,Repeat the instructions back to confirm before starting.,Start right away and ask questions only if something goes wrong.,0
Empathy,Visible stress,My classmate seems overwhelmed but hasn't said anything.,Offer to take over their tasks without asking first.,Ask privately how they're doing and mention what you've noticed.,1
Nonverbal Communication,Crossed arms,My study partner has their arms crossed and seems distant.,Mirror their crossed arms so the conversation feels balanced.,Soften your own body language and ask an open question.,1
Conflict Resolution,Team disagreement,My classmate and I disagree strongly about how to approach something.,Let whoever has more experience decide since they're likely right.,Ask them to explain their reasoning and look for common ground.,1
Making Friends,Quiet acquaintance,My study partner is quiet and seems like they'd be a good friend but rarely talks.,Approach them one-on-one and mention something specific you noticed.,Include them in bigger group activities and wait for them to open up.,0
Making Friends,Reconnecting,I lost touch with my close friend and want to reconnect naturally.,"Send a short, warm message referencing a specific good memory.",Call them and explain in detail why you drifted apart.,0
Nonverbal Communication,Physical distance,My mentor seems to keep more physical distance than usual.,Move closer to make the conversation feel warmer.,Respect the space and let them close the distance if they want to.,1
Assertiveness,Being interrupted,My cousin keeps interrupting me when I talk.,Stop bringing up points so it doesn't happen again.,"Say calmly, 'I'd like to finish my point,' the next time it happens.",1
Nonverbal Communication,Video call presence,I'm on a lot of video calls with my team lead and want to seem more engaged.,Keep your camera off so you can focus without distraction.,Look at the camera when speaking and nod occasionally.,1
Workplace Communication,Unclear instructions,My manager gave me a task but the instructions were unclear.,Start working right away and adjust later if it's wrong.,Ask a specific clarifying question before starting.,1
Setting Boundaries,Time boundary,My close friend tends to run long in conversations when I have limited time.,Let them know upfront how much time you have.,Let the conversation run long to avoid seeming rude.,0
Active Listening,Upset call,My new employee calls me upset and I'm not sure what to say.,Offer solutions quickly so the problem feels handled.,Let them talk it out and ask what happened next instead of jumping to solutions.,1
Starting Conversations,First meeting,I'm about to meet my study partner for the first time and I'm nervous about the opener.,"Prepare one simple, genuine question rather than a rehearsed line.",Prepare a detailed introduction covering your background so nothing is left out.,0
Teamwork,Unequal recognition,My manager gets recognized more than others despite similar effort.,Work harder to try to get noticed the same way.,Mention the imbalance to whoever leads recognition decisions.,1
Public Speaking,Speaking to a large group,I'm nervous speaking to a room that includes my team lead and many others.,Avoid eye contact so you don't get more nervous.,Pick one or two friendly faces in the room to speak toward.,1
Nonverbal Communication,Reading the room,I want to tell if my coworker wants to keep talking or wrap up.,Keep the conversation going until they explicitly say they need to leave.,"Watch for cues like turning away or short answers, and offer an easy exit.",1
Assertiveness,Unwanted plans,My teammate keeps suggesting plans I don't actually want to do.,Say honestly that this activity isn't for you and suggest an alternative.,Keep agreeing and cancel at the last minute instead.,0
Workplace Communication,Unclear instructions,My mentor gave me a task but the instructions were unclear.,Ask a specific clarifying question before starting.,Start working right away and adjust later if it's wrong.,0
Handling Criticism,Performance review,My neighbor gave me a performance review lower than expected.,Push back on the rating before hearing the full explanation.,Ask for specific examples so you understand exactly what to improve.,1
Empathy,Feeling excluded,My close friend mentions feeling left out of a group.,"Validate the feeling before figuring out what, if anything, to do next.",Tell them they're overreacting and it's probably not personal.,0
Teamwork,Conflicting styles,My coworker works very differently from me and it's causing friction.,Talk openly about work styles and agree on a middle ground.,Adjust your own style completely to match theirs.,0
Starting Conversations,Elevator moment,I'm stuck in an elevator with my cousin and it's silent.,Stay quiet since small talk in short moments can feel forced.,"Make a light, easy comment about the situation to break the ice.",1
Assertiveness,Speaking up in group,I disagree with the direction my close friend and the group are taking.,Stay quiet since the group already seems to agree.,"Voice your concern clearly once, with your reasoning.",1
Teamwork,Group decision fatigue,My team lead and the team keep re-deciding the same thing.,Suggest documenting the decision once it's made so it sticks.,Let the discussion happen again each time it comes up.,0
Handling Criticism,Creative project,My neighbor criticized a creative project I'm proud of.,Consider which parts resonate with your own doubts and set aside the rest.,Change the project significantly based on this one comment.,0
Workplace Communication,Unclear instructions,My cousin gave me a task but the instructions were unclear.,Ask a specific clarifying question before starting.,Start working right away and adjust later if it's wrong.,0
Nonverbal Communication,Distracted listener,My classmate seems distracted while I'm talking to them.,Keep talking at the same pace regardless.,Pause briefly and check in before continuing.,1
Active Listening,Upset call,My roommate calls me upset and I'm not sure what to say.,Let them talk it out and ask what happened next instead of jumping to solutions.,Offer solutions quickly so the problem feels handled.,0
Assertiveness,Unfair blame,I got blamed for something that wasn't my fault by my manager.,"Explain calmly what actually happened, with specifics.",Let it go since bringing it up might seem difficult.,0
Making Friends,Reconnecting,I lost touch with my roommate and want to reconnect naturally.,"Send a short, warm message referencing a specific good memory.",Call them and explain in detail why you drifted apart.,0
Handling Criticism,Manager feedback,My neighbor gave me critical feedback on something I worked hard on.,Thank them for the feedback and ask a specific question about improving.,Explain the reasons behind your choices before agreeing to change anything.,0
Nonverbal Communication,First meeting nerves,I'm nervous meeting my teammate and not sure how I'm coming across.,Keep your posture open and let there be some comfortable pauses.,Fill every silence with talking so there's never an awkward pause.,0
Teamwork,Remote coordination,Communication with my study partner keeps slipping through the cracks remotely.,Send more frequent individual messages to make sure nothing is missed.,Propose a short regular check-in and a shared doc for updates.,1
Active Listening,Feedback session,My study partner is giving me feedback I didn't expect.,Explain your reasoning as soon as a point doesn't sit right with you.,"Listen fully before responding, even if you want to explain yourself.",1
Making Friends,Awkward gap,There's been an awkward gap since I last talked to my coworker.,Apologize extensively for not reaching out sooner.,Reach out casually without over-explaining the gap.,1
Public Speaking,Impromptu speaking,My old friend asks me to say a few words with no preparation.,"Take a breath, pick one point, and keep it short.",Try to cover everything you can think of on the spot.,0
Setting Boundaries,Social media boundary,My cousin tags or posts about me in ways I'm not comfortable with.,Ask them directly to check with you before posting about you.,Untag yourself quietly each time without saying anything.,0
Starting Conversations,Online intro,I want to message my new employee online for the first time without it feeling weird.,Reference something specific you have in common before asking a question.,Send a long message explaining exactly why you're reaching out.,0
Teamwork,Group decision fatigue,My study partner and the team keep re-deciding the same thing.,Let the discussion happen again each time it comes up.,Suggest documenting the decision once it's made so it sticks.,1
Workplace Communication,Missed deadline,I realize I'm going to miss a deadline my roommate is expecting.,"Tell them as soon as you know, with a revised timeline.",Wait until the deadline passes and explain afterward.,0
Public Speaking,Feedback after talk,My close friend gives me feedback on a talk I just gave.,Ask what specifically landed and what didn't.,Explain the choices you made before hearing them out fully.,0
Workplace Communication,Meeting overload,My study partner keeps scheduling meetings that could be emails.,Suggest an async update as an alternative for some of them.,Attend all of them without raising the issue.,0
Empathy,Financial stress,My close friend hints at financial stress without saying it outright.,Offer money right away to solve the problem quickly.,Let them bring it up fully in their own time rather than pressing.,1
Setting Boundaries,Space boundary,My sibling drops by unannounced more than I'd like.,Let it continue and just seem busy when they show up.,Ask them kindly to check in before coming over.,1
Active Listening,Disagreement in meeting,My old friend is explaining an idea I disagree with in a meeting.,"Let them finish, then ask a clarifying question about the unclear part.",Prepare your counterpoints while they're still talking.,0
Public Speaking,Status update,I need to give my study partner a short status update on my work.,Walk through the process step by step in the order it happened.,"Lead with the headline result, then add detail only if asked.",1
Handling Criticism,Friend's honest opinion,My neighbor told me honestly they didn't like something I made.,Ask what specifically didn't work for them.,Assume they just don't understand what you were going for.,0
Workplace Communication,Asking for more,I want to ask my coworker for a raise or more responsibility.,Schedule a dedicated conversation with specific examples ready.,Mention it casually in passing to keep things low-pressure.,0
Teamwork,Group decision fatigue,My old friend and the team keep re-deciding the same thing.,Suggest documenting the decision once it's made so it sticks.,Let the discussion happen again each time it comes up.,0
Public Speaking,Losing the audience,I notice my sibling and others checking their phones while I present.,"Pause, ask a quick question to re-engage the room, then continue.",Speak faster to get through the remaining content.,0
Active Listening,Casual catch-up,My team lead is catching me up on their week.,Wait for your turn to talk about your own week.,Ask a couple of specific follow-up questions to show you're engaged.,1
Teamwork,Disagreeing on direction,My team lead and I can't agree on which idea to move forward with.,Suggest listing pros and cons together so the decision feels shared.,Go with whichever idea the more vocal person prefers.,0
Handling Criticism,Criticism of a decision,My roommate criticizes a decision I already made.,"Hear them out and note it for future decisions, even if it's done.",Explain in detail why the decision was the only reasonable option.,0
Nonverbal Communication,Group photo moment,I want to seem approachable to my roommate in a group setting.,Keep an open stance and make brief eye contact with people as they talk.,Stand slightly apart so you don't seem like you're intruding.,0
Making Friends,Quiet acquaintance,My new employee is quiet and seems like they'd be a good friend but rarely talks.,Approach them one-on-one and mention something specific you noticed.,Include them in bigger group activities and wait for them to open up.,0
Handling Criticism,Written feedback,My study partner left written feedback that's hard to interpret in tone.,Assume the harshest possible tone and respond defensively.,Ask a quick clarifying question rather than assuming the worst tone.,1
Teamwork,Disagreeing on direction,My old friend and I can't agree on which idea to move forward with.,Suggest listing pros and cons together so the decision feels shared.,Go with whichever idea the more vocal person prefers.,0
Assertiveness,Unfair blame,I got blamed for something that wasn't my fault by my sibling.,Let it go since bringing it up might seem difficult.,"Explain calmly what actually happened, with specifics.",1
Public Speaking,Unexpected question,My classmate asks a question during my talk that I don't know the answer to.,Give a general answer that sounds confident either way.,Admit you're not sure and offer to follow up after finding out.,1
Assertiveness,Repeated lateness,My coworker is consistently late when we meet.,Start showing up late yourself so it feels even.,Mention it directly and ask if a different time would work better.,1
Active Listening,Differing opinion,My manager shares an opinion in discussion that's different from mine.,Wait for a pause and then explain why your view is more accurate.,Ask them to explain more before sharing your own view.,1
Starting Conversations,Party small talk,I don't know what to say to my classmate at a party.,Talk mainly about your own week so they get to know you.,Ask what brought them there and follow their lead from there.,1
Setting Boundaries,Unsolicited advice,My roommate keeps giving advice about a decision that's mine to make.,Nod along and quietly do what you were going to do anyway.,"Thank them for caring, then state clearly you've got it handled.",1
Making Friends,Mutual friend,"I want to become friends with my old friend, who I met through someone else.",Wait until the mutual friend brings you together again.,Reach out directly instead of relying on the mutual friend to connect you.,1
Public Speaking,Feedback after talk,My roommate gives me feedback on a talk I just gave.,Ask what specifically landed and what didn't.,Explain the choices you made before hearing them out fully.,0
Conflict Resolution,Noise issue,My classmate is being loud in a way that's affecting me.,Escalate to someone in charge before talking to them directly.,Explain the specific issue calmly and propose a compromise.,1
Conflict Resolution,Money dispute,My manager owes me money and hasn't brought it up.,"Bring it up directly but kindly, mentioning the specific amount.",Drop hints about it and hope they take the hint.,0
Starting Conversations,Event mingling,I'm at an event where my teammate is and I want to start a conversation.,Stand near them and wait until they start talking to you.,"Comment on something shared in the moment, like the event itself.",1
Setting Boundaries,Space boundary,My study partner drops by unannounced more than I'd like.,Ask them kindly to check in before coming over.,Let it continue and just seem busy when they show up.,0
Empathy,Feeling excluded,My study partner mentions feeling left out of a group.,Tell them they're overreacting and it's probably not personal.,"Validate the feeling before figuring out what, if anything, to do next.",1
Conflict Resolution,Boundary crossed,My cousin crossed a line I hadn't clearly stated before.,Stay upset internally but not bring it up since you hadn't said it before.,Explain the boundary clearly now and how you'd like things to go forward.,1
Starting Conversations,Party small talk,I don't know what to say to my new employee at a party.,Ask what brought them there and follow their lead from there.,Talk mainly about your own week so they get to know you.,0
Workplace Communication,Unclear instructions,My new employee gave me a task but the instructions were unclear.,Start working right away and adjust later if it's wrong.,Ask a specific clarifying question before starting.,1
Starting Conversations,Elevator moment,I'm stuck in an elevator with my study partner and it's silent.,Stay quiet since small talk in short moments can feel forced.,"Make a light, easy comment about the situation to break the ice.",1
Conflict Resolution,Miscommunication,My teammate misunderstood something I said and got upset.,Clarify what you meant calmly and ask how they took it.,Assume it will blow over on its own without addressing it.,0
Starting Conversations,Elevator moment,I'm stuck in an elevator with my roommate and it's silent.,Stay quiet since small talk in short moments can feel forced.,"Make a light, easy comment about the situation to break the ice.",1
Empathy,Bad day,My mentor is clearly having a bad day but hasn't explained why.,Give them space entirely so they can process it alone.,Check in gently and let them share as much or as little as they want.,1
Making Friends,Long distance,My classmate moved away and I want to keep the friendship going.,"Set a simple regular way to stay in touch, like a monthly call.",Wait for them to reach out first since they moved.,0
Assertiveness,Speaking up in group,I disagree with the direction my coworker and the group are taking.,"Voice your concern clearly once, with your reasoning.",Stay quiet since the group already seems to agree.,0
Empathy,Fear of change,My sibling is scared about an upcoming change in their life.,Ask what specifically worries them before offering reassurance.,Tell them there's nothing to worry about and it'll be fine.,0
Making Friends,Deepening a friendship,I want my friendship with my roommate to feel closer.,Share something a bit more personal and see how they respond.,Do more favors for them so they feel obligated to get closer.,0
Conflict Resolution,After an argument,I had an argument with my close friend and we haven't spoken since.,Wait for them to reach out first since they were more upset.,Reach out and acknowledge the disagreement directly.,1
Assertiveness,Unreasonable request,My manager asks for something that isn't reasonable given the timeline.,Agree to the timeline and rush to make it work anyway.,Explain what's realistic and propose an alternative timeline.,1
Teamwork,Remote coordination,Communication with my coworker keeps slipping through the cracks remotely.,Propose a short regular check-in and a shared doc for updates.,Send more frequent individual messages to make sure nothing is missed.,0
Starting Conversations,Group setting,I want to join a conversation my roommate is already having with others.,"Listen for a moment, then add something relevant to what's being said.",Wait for a full pause before jumping in with a new topic.,0
Setting Boundaries,Borrowed items,My neighbor borrows things and often returns them late or damaged.,Stop mentioning it and quietly avoid lending to them again.,Tell them directly what you need going forward.,1
Setting Boundaries,Time boundary,My coworker tends to run long in conversations when I have limited time.,Let the conversation run long to avoid seeming rude.,Let them know upfront how much time you have.,1
Setting Boundaries,Personal questions,My manager keeps asking about my personal life in ways that feel intrusive.,Answer fully each time so you don't seem unfriendly.,Politely redirect the conversation and keep answers brief.,1
Workplace Communication,Disagreeing publicly,My neighbor says something inaccurate in a meeting with others present.,Note it calmly in the meeting or follow up privately after.,Correct them firmly in front of everyone right away.,0
Starting Conversations,Reconnecting casually,I ran into my neighbor after a long time and don't know how to start talking again.,Apologize for being out of touch before saying anything else.,Mention something specific you remember about them before asking what's new.,1
Nonverbal Communication,Comforting someone,My neighbor is upset and I want to comfort them without words getting in the way.,Talk continuously to fill the silence.,"Sit close, keep an open posture, and let your presence show support.",1
Handling Criticism,Criticism of a decision,My cousin criticizes a decision I already made.,Explain in detail why the decision was the only reasonable option.,"Hear them out and note it for future decisions, even if it's done.",1
Active Listening,Differing opinion,My neighbor shares an opinion in discussion that's different from mine.,Wait for a pause and then explain why your view is more accurate.,Ask them to explain more before sharing your own view.,1
Conflict Resolution,After an argument,I had an argument with my new employee and we haven't spoken since.,Reach out and acknowledge the disagreement directly.,Wait for them to reach out first since they were more upset.,0
Teamwork,Disagreeing on direction,My mentor and I can't agree on which idea to move forward with.,Suggest listing pros and cons together so the decision feels shared.,Go with whichever idea the more vocal person prefers.,0
Public Speaking,Nervous before presenting,I have to present tomorrow with my mentor in the room and I'm nervous.,Practice out loud a few times and focus on your main message.,Write out the entire speech word for word and read from the page.,0
Active Listening,Feedback session,My teammate is giving me feedback I didn't expect.,Explain your reasoning as soon as a point doesn't sit right with you.,"Listen fully before responding, even if you want to explain yourself.",1
Empathy,Pre-exam anxiety,My roommate tells me they're anxious about a big test or evaluation.,Ask what part feels hardest and just listen.,Tell them they'll definitely do fine since they usually do.,0
Public Speaking,Status update,I need to give my coworker a short status update on my work.,Walk through the process step by step in the order it happened.,"Lead with the headline result, then add detail only if asked.",1
Assertiveness,Unfair blame,I got blamed for something that wasn't my fault by my coworker.,Let it go since bringing it up might seem difficult.,"Explain calmly what actually happened, with specifics.",1
Nonverbal Communication,Group photo moment,I want to seem approachable to my sibling in a group setting.,Keep an open stance and make brief eye contact with people as they talk.,Stand slightly apart so you don't seem like you're intruding.,0
Empathy,Friend's loss,My coworker just lost a family member and I don't know what to say.,Acknowledge the loss simply and offer to help with something concrete.,Give them space and wait until they bring it up themselves.,0
Nonverbal Communication,Comforting someone,My cousin is upset and I want to comfort them without words getting in the way.,"Sit close, keep an open posture, and let your presence show support.",Talk continuously to fill the silence.,0
Public Speaking,Losing the audience,I notice my cousin and others checking their phones while I present.,Speak faster to get through the remaining content.,"Pause, ask a quick question to re-engage the room, then continue.",1
Making Friends,New environment,I just started somewhere new with my classmate and want to build a friendship.,Show consistent interest over time and remember details they share.,Try to befriend the most popular person first to meet others faster.,0
Workplace Communication,Meeting overload,My close friend keeps scheduling meetings that could be emails.,Attend all of them without raising the issue.,Suggest an async update as an alternative for some of them.,1
Workplace Communication,Unclear instructions,My coworker gave me a task but the instructions were unclear.,Start working right away and adjust later if it's wrong.,Ask a specific clarifying question before starting.,1
Teamwork,Sharing credit,Our team succeeded mostly because of my manager's extra effort.,Present it as a fully equal effort so no one feels singled out.,Acknowledge their specific contribution while recognizing the team too.,1
Assertiveness,Overloaded schedule,My neighbor keeps adding to my workload without checking capacity.,Take on everything without comment and try to work faster.,State clearly what's already on your plate and ask them to help prioritize.,1
Conflict Resolution,Boundary crossed,My classmate crossed a line I hadn't clearly stated before.,Explain the boundary clearly now and how you'd like things to go forward.,Stay upset internally but not bring it up since you hadn't said it before.,0
Handling Criticism,Repeated feedback,I keep getting the same feedback from my study partner and others.,Assume it's a coincidence since they don't know each other.,Take it as a real signal worth addressing.,1
Conflict Resolution,Repeated issue,My cousin and I keep having the same argument about the same thing.,Bring up every past instance to show the pattern clearly.,Sit down outside the heated moment and agree on a clear plan.,1
Active Listening,Differing opinion,My close friend shares an opinion in discussion that's different from mine.,Wait for a pause and then explain why your view is more accurate.,Ask them to explain more before sharing your own view.,1
Teamwork,Missed deadline,My roommate missed a deadline that affected the whole team.,Point out the missed deadline in front of the team.,Ask what happened and work together on a recovery plan.,1
Making Friends,New city,I moved somewhere new and want to build a friendship with my study partner.,Suggest a regular low-key activity together so contact becomes natural.,Attend as many one-off events with them as possible.,0
Starting Conversations,Meeting new people,I'm new to a group with my teammate and don't know how to start talking.,Wait for someone to notice you're new and approach you first.,"Start with a simple question about what's going on around you, then build on their answer.",1
Nonverbal Communication,Group photo moment,I want to seem approachable to my cousin in a group setting.,Keep an open stance and make brief eye contact with people as they talk.,Stand slightly apart so you don't seem like you're intruding.,0
Active Listening,Differing opinion,My study partner shares an opinion in discussion that's different from mine.,Wait for a pause and then explain why your view is more accurate.,Ask them to explain more before sharing your own view.,1
Teamwork,Conflicting styles,My study partner works very differently from me and it's causing friction.,Talk openly about work styles and agree on a middle ground.,Adjust your own style completely to match theirs.,0
Workplace Communication,Asking for more,I want to ask my cousin for a raise or more responsibility.,Mention it casually in passing to keep things low-pressure.,Schedule a dedicated conversation with specific examples ready.,1
Setting Boundaries,After-hours messages,My neighbor keeps messaging me about work late at night.,Let them know you'll respond first thing in the morning unless urgent.,Reply right away every time so they know you're available.,0
Setting Boundaries,After-hours messages,My sibling keeps messaging me about work late at night.,Reply right away every time so they know you're available.,Let them know you'll respond first thing in the morning unless urgent.,1
Empathy,Pre-exam anxiety,My cousin tells me they're anxious about a big test or evaluation.,Ask what part feels hardest and just listen.,Tell them they'll definitely do fine since they usually do.,0
Setting Boundaries,Overcommitted,My neighbor keeps asking for favors that take up a lot of my time.,Say yes to what you can genuinely manage and be honest otherwise.,Keep saying yes so the relationship doesn't feel strained.,0
Workplace Communication,Meeting overload,My mentor keeps scheduling meetings that could be emails.,Attend all of them without raising the issue.,Suggest an async update as an alternative for some of them.,1
Empathy,Difficult decision,My classmate is torn over a difficult decision.,Tell them clearly what you think they should do.,Ask questions that help them think it through rather than telling them what to do.,1
Workplace Communication,Cross-team request,I need something from my mentor on another team that isn't their priority.,Follow up frequently until they get to it.,Explain clearly why it matters and ask what timeline works.,1
Public Speaking,Technical explanation,"I need to explain something technical to my classmate, who isn't familiar with it.",Explain it exactly the way you'd explain it to an expert.,"Start with the simplest version, then add detail if they ask.",1
Nonverbal Communication,Tone mismatch,My neighbor says they're fine but their tone suggests otherwise.,Take their words at face value and move on.,Gently note the mismatch and ask if they want to talk about it.,1
Setting Boundaries,Overcommitted,My sibling keeps asking for favors that take up a lot of my time.,Say yes to what you can genuinely manage and be honest otherwise.,Keep saying yes so the relationship doesn't feel strained.,0
Active Listening,Differing opinion,My new employee shares an opinion in discussion that's different from mine.,Wait for a pause and then explain why your view is more accurate.,Ask them to explain more before sharing your own view.,1
Conflict Resolution,Group project friction,My classmate and I clash on a shared project.,"Propose a short conversation focused only on the project, not personalities.",Split the work in half and avoid talking about the disagreement.,0
Empathy,Bad day,My coworker is clearly having a bad day but hasn't explained why.,Check in gently and let them share as much or as little as they want.,Give them space entirely so they can process it alone.,0
Active Listening,Feedback session,My sibling is giving me feedback I didn't expect.,"Listen fully before responding, even if you want to explain yourself.",Explain your reasoning as soon as a point doesn't sit right with you.,0
Setting Boundaries,Repeated favors,My study partner keeps asking for the same favor without offering anything back.,Mention the pattern directly and see if something can change.,Keep helping without saying anything about the imbalance.,0
Conflict Resolution,Noise issue,My sibling is being loud in a way that's affecting me.,Explain the specific issue calmly and propose a compromise.,Escalate to someone in charge before talking to them directly.,0
Workplace Communication,Giving feedback up,"I need to give feedback to my teammate, who is more senior than me.",Wait for them to ask for feedback before offering any.,Frame it around impact and ask if they're open to a suggestion.,1
Teamwork,Cross-functional friction,My manager on another team isn't cooperating well with mine.,Escalate to management before trying to talk directly.,Set up a conversation to understand their constraints and priorities.,1
Handling Criticism,Written feedback,My new employee left written feedback that's hard to interpret in tone.,Ask a quick clarifying question rather than assuming the worst tone.,Assume the harshest possible tone and respond defensively.,0
Starting Conversations,Meeting new people,I'm new to a group with my cousin and don't know how to start talking.,"Start with a simple question about what's going on around you, then build on their answer.",Wait for someone to notice you're new and approach you first.,0
Teamwork,Disagreeing on direction,My classmate and I can't agree on which idea to move forward with.,Suggest listing pros and cons together so the decision feels shared.,Go with whichever idea the more vocal person prefers.,0
Teamwork,Missed deadline,My mentor missed a deadline that affected the whole team.,Point out the missed deadline in front of the team.,Ask what happened and work together on a recovery plan.,1
Starting Conversations,Elevator moment,I'm stuck in an elevator with my manager and it's silent.,"Make a light, easy comment about the situation to break the ice.",Stay quiet since small talk in short moments can feel forced.,0
Setting Boundaries,Emotional labor,My sibling relies on me a lot for emotional support.,Keep absorbing it all so they don't feel unsupported.,Support them within limits and encourage other resources too.,1
Teamwork,Remote coordination,Communication with my team lead keeps slipping through the cracks remotely.,Send more frequent individual messages to make sure nothing is missed.,Propose a short regular check-in and a shared doc for updates.,1
Assertiveness,Overloaded schedule,My old friend keeps adding to my workload without checking capacity.,Take on everything without comment and try to work faster.,State clearly what's already on your plate and ask them to help prioritize.,1
Teamwork,Decision paralysis,My team lead and the team can't decide on next steps.,Wait for someone else to take the lead on deciding.,Propose a clear deadline for the decision and a simple way to choose.,1
Handling Criticism,Friend's honest opinion,My roommate told me honestly they didn't like something I made.,Ask what specifically didn't work for them.,Assume they just don't understand what you were going for.,0
Assertiveness,Pressure to conform,My manager is pressuring me to do something I'm not comfortable with.,"Say directly that you're not comfortable with it, without over-explaining.",Go along with it this once to avoid seeming judgmental.,0
Making Friends,Awkward gap,There's been an awkward gap since I last talked to my close friend.,Apologize extensively for not reaching out sooner.,Reach out casually without over-explaining the gap.,1
Assertiveness,Price disagreement,I think what my roommate is charging or asking for is too much.,Accept it to avoid an awkward conversation.,Ask directly for the reasoning and mention your expectation.,1
Starting Conversations,Event mingling,I'm at an event where my close friend is and I want to start a conversation.,"Comment on something shared in the moment, like the event itself.",Stand near them and wait until they start talking to you.,0
Making Friends,New city,I moved somewhere new and want to build a friendship with my manager.,Attend as many one-off events with them as possible.,Suggest a regular low-key activity together so contact becomes natural.,1
Public Speaking,Nervous before presenting,I have to present tomorrow with my close friend in the room and I'm nervous.,Practice out loud a few times and focus on your main message.,Write out the entire speech word for word and read from the page.,0
Starting Conversations,Group setting,I want to join a conversation my neighbor is already having with others.,"Listen for a moment, then add something relevant to what's being said.",Wait for a full pause before jumping in with a new topic.,0
Conflict Resolution,Team disagreement,My new employee and I disagree strongly about how to approach something.,Ask them to explain their reasoning and look for common ground.,Let whoever has more experience decide since they're likely right.,0
Nonverbal Communication,Physical distance,My roommate seems to keep more physical distance than usual.,Respect the space and let them close the distance if they want to.,Move closer to make the conversation feel warmer.,0
Active Listening,Complaint,My manager is complaining about something that affects them directly.,Repeat their concern back in your own words before responding.,Apologize briefly and move on to explaining the policy or reasoning.,0
Nonverbal Communication,Crossed arms,My team lead has their arms crossed and seems distant.,Soften your own body language and ask an open question.,Mirror their crossed arms so the conversation feels balanced.,0
Workplace Communication,Sensitive topic,I need to bring up a sensitive topic with my cousin at work.,Bring it up casually in a group setting to soften it.,Choose a private setting and lead with the specific concern.,1
Setting Boundaries,Time boundary,My new employee tends to run long in conversations when I have limited time.,Let the conversation run long to avoid seeming rude.,Let them know upfront how much time you have.,1
Empathy,Visible stress,My sibling seems overwhelmed but hasn't said anything.,Offer to take over their tasks without asking first.,Ask privately how they're doing and mention what you've noticed.,1
Conflict Resolution,Shared space,My new employee keeps leaving a mess and it's bothering me.,Leave it as is until they notice the problem themselves.,Bring it up calmly in person and suggest a system that works for both of you.,1
Starting Conversations,Waiting room,I'm sitting next to my new employee in a waiting room and want to talk.,Ask them several personal questions to fill the time.,"Make an easy comment about the wait, then see if they want to keep talking.",1
Handling Criticism,Creative project,My coworker criticized a creative project I'm proud of.,Consider which parts resonate with your own doubts and set aside the rest.,Change the project significantly based on this one comment.,0
Conflict Resolution,Noise issue,My old friend is being loud in a way that's affecting me.,Explain the specific issue calmly and propose a compromise.,Escalate to someone in charge before talking to them directly.,0
Starting Conversations,Event mingling,I'm at an event where my mentor is and I want to start a conversation.,"Comment on something shared in the moment, like the event itself.",Stand near them and wait until they start talking to you.,0
Nonverbal Communication,Physical distance,My teammate seems to keep more physical distance than usual.,Move closer to make the conversation feel warmer.,Respect the space and let them close the distance if they want to.,1
Public Speaking,Q&A nerves,I'm worried about freezing up during questions from my new employee.,Answer as quickly as possible to avoid an awkward silence.,"Take a breath, repeat the question in your own words, then answer.",1
Nonverbal Communication,Tense meeting,My neighbor seems tense during a meeting and it's affecting the room.,Keep your own tone calm and open to help ease the tension.,Match their tense energy so the seriousness is clear.,0
Teamwork,New teammate,My roommate just joined the team and seems unsure of their role.,Check in directly and walk through how the team works.,Let them observe for a while so they can figure it out on their own.,0
Nonverbal Communication,Distracted listener,My team lead seems distracted while I'm talking to them.,Keep talking at the same pace regardless.,Pause briefly and check in before continuing.,1
Making Friends,Deepening a friendship,I want my friendship with my teammate to feel closer.,Do more favors for them so they feel obligated to get closer.,Share something a bit more personal and see how they respond.,1
Nonverbal Communication,Group photo moment,I want to seem approachable to my mentor in a group setting.,Keep an open stance and make brief eye contact with people as they talk.,Stand slightly apart so you don't seem like you're intruding.,0
Active Listening,Casual catch-up,My classmate is catching me up on their week.,Wait for your turn to talk about your own week.,Ask a couple of specific follow-up questions to show you're engaged.,1
Active Listening,Complaint,My neighbor is complaining about something that affects them directly.,Apologize briefly and move on to explaining the policy or reasoning.,Repeat their concern back in your own words before responding.,1
Public Speaking,Speaking to a large group,I'm nervous speaking to a room that includes my classmate and many others.,Pick one or two friendly faces in the room to speak toward.,Avoid eye contact so you don't get more nervous.,0
Conflict Resolution,Public disagreement,My study partner disagreed with me in front of others.,Push back just as strongly in front of the same group.,Stay calm in the moment and follow up with them privately after.,1
Empathy,Bad day,My roommate is clearly having a bad day but hasn't explained why.,Check in gently and let them share as much or as little as they want.,Give them space entirely so they can process it alone.,0
Empathy,Public embarrassment,My sibling did something embarrassing in front of others.,Pretend not to notice so they don't feel more embarrassed.,"Help them move past it with a light, kind comment.",1
Assertiveness,Last-minute request,My old friend asks me for a last-minute favor I can't really do.,Agree and rearrange your own plans to make it work.,"Say clearly that you can't this time, without a long justification.",1
Empathy,Health scare,My new employee just got concerning medical news.,Immediately research solutions and send them information.,Ask how they're feeling about it and what kind of support they want.,1
Conflict Resolution,Credit dispute,My teammate took credit for part of my idea.,Talk to them privately first and explain how it affected you.,Bring it up publicly so others hear the correction at once.,0
Starting Conversations,First meeting,I'm about to meet my cousin for the first time and I'm nervous about the opener.,Prepare a detailed introduction covering your background so nothing is left out.,"Prepare one simple, genuine question rather than a rehearsed line.",1
Assertiveness,Unfair blame,I got blamed for something that wasn't my fault by my new employee.,"Explain calmly what actually happened, with specifics.",Let it go since bringing it up might seem difficult.,0
Assertiveness,Unreasonable request,My sibling asks for something that isn't reasonable given the timeline.,Explain what's realistic and propose an alternative timeline.,Agree to the timeline and rush to make it work anyway.,0
Assertiveness,Uncomfortable joke,My coworker makes a joke at my expense that bothers me.,Laugh along so it doesn't seem like a big deal.,"Let them know directly, without making it a bigger issue than needed.",1
Workplace Communication,Sensitive topic,I need to bring up a sensitive topic with my classmate at work.,Bring it up casually in a group setting to soften it.,Choose a private setting and lead with the specific concern.,1
Starting Conversations,New coworker,My study partner just joined and I want to introduce myself well.,Give them a long rundown of how everything works before they've settled in.,Introduce yourself briefly and ask one easy question about their first days.,1
Assertiveness,Disrespected opinion,My manager dismisses my opinion in front of others.,"Stay quiet in the moment and bring it up much later, if at all.",Restate your point calmly and ask to be heard fully.,1
Making Friends,Quiet acquaintance,My close friend is quiet and seems like they'd be a good friend but rarely talks.,Approach them one-on-one and mention something specific you noticed.,Include them in bigger group activities and wait for them to open up.,0
Making Friends,Reconnecting,I lost touch with my cousin and want to reconnect naturally.,Call them and explain in detail why you drifted apart.,"Send a short, warm message referencing a specific good memory.",1
Assertiveness,Repeated lateness,My close friend is consistently late when we meet.,Mention it directly and ask if a different time would work better.,Start showing up late yourself so it feels even.,0
Public Speaking,Unexpected question,My roommate asks a question during my talk that I don't know the answer to.,Admit you're not sure and offer to follow up after finding out.,Give a general answer that sounds confident either way.,0
Teamwork,Remote coordination,Communication with my manager keeps slipping through the cracks remotely.,Propose a short regular check-in and a shared doc for updates.,Send more frequent individual messages to make sure nothing is missed.,0
Teamwork,Sharing credit,Our team succeeded mostly because of my mentor's extra effort.,Acknowledge their specific contribution while recognizing the team too.,Present it as a fully equal effort so no one feels singled out.,0
Handling Criticism,Criticism of a decision,My teammate criticizes a decision I already made.,Explain in detail why the decision was the only reasonable option.,"Hear them out and note it for future decisions, even if it's done.",1
Public Speaking,Toast or speech,I have to give a toast or speech in front of my new employee and don't know where to start.,"Pick one specific, genuine memory and build the speech around it.",Include as many jokes and stories as possible.,0
Setting Boundaries,Personal questions,My roommate keeps asking about my personal life in ways that feel intrusive.,Answer fully each time so you don't seem unfriendly.,Politely redirect the conversation and keep answers brief.,1
Active Listening,Complaint,My team lead is complaining about something that affects them directly.,Apologize briefly and move on to explaining the policy or reasoning.,Repeat their concern back in your own words before responding.,1
Active Listening,Upset call,My close friend calls me upset and I'm not sure what to say.,Let them talk it out and ask what happened next instead of jumping to solutions.,Offer solutions quickly so the problem feels handled.,0
Nonverbal Communication,Silent agreement,My team lead nods but seems unsure during a conversation.,Check in directly to see if they actually agree or have concerns.,Take the nod as full agreement and move on.,0
Active Listening,Casual catch-up,My close friend is catching me up on their week.,Wait for your turn to talk about your own week.,Ask a couple of specific follow-up questions to show you're engaged.,1
Empathy,Pre-exam anxiety,My old friend tells me they're anxious about a big test or evaluation.,Tell them they'll definitely do fine since they usually do.,Ask what part feels hardest and just listen.,1
Teamwork,Sharing credit,Our team succeeded mostly because of my roommate's extra effort.,Present it as a fully equal effort so no one feels singled out.,Acknowledge their specific contribution while recognizing the team too.,1
Teamwork,Missed deadline,My neighbor missed a deadline that affected the whole team.,Ask what happened and work together on a recovery plan.,Point out the missed deadline in front of the team.,0
Starting Conversations,Waiting room,I'm sitting next to my coworker in a waiting room and want to talk.,"Make an easy comment about the wait, then see if they want to keep talking.",Ask them several personal questions to fill the time.,0
Workplace Communication,Onboarding question,I have a lot of questions as I onboard and don't want to bother my cousin.,Batch your questions and ask them at a natural check-in time.,Avoid asking and try to figure everything out on your own.,0
Nonverbal Communication,Physical distance,My study partner seems to keep more physical distance than usual.,Move closer to make the conversation feel warmer.,Respect the space and let them close the distance if they want to.,1
Workplace Communication,Difficult email,I need to email my team lead about a mistake that affected me.,Cc other people right away so the issue is taken seriously.,State the issue factually and propose next steps.,1
Workplace Communication,Cross-team request,I need something from my team lead on another team that isn't their priority.,Follow up frequently until they get to it.,Explain clearly why it matters and ask what timeline works.,1
Public Speaking,Speaking to a large group,I'm nervous speaking to a room that includes my study partner and many others.,Avoid eye contact so you don't get more nervous.,Pick one or two friendly faces in the room to speak toward.,1
Starting Conversations,Party small talk,I don't know what to say to my manager at a party.,Ask what brought them there and follow their lead from there.,Talk mainly about your own week so they get to know you.,0
Conflict Resolution,Repeated issue,My old friend and I keep having the same argument about the same thing.,Bring up every past instance to show the pattern clearly.,Sit down outside the heated moment and agree on a clear plan.,1
Nonverbal Communication,Video call presence,I'm on a lot of video calls with my manager and want to seem more engaged.,Look at the camera when speaking and nod occasionally.,Keep your camera off so you can focus without distraction.,0
Empathy,Visible stress,My close friend seems overwhelmed but hasn't said anything.,Offer to take over their tasks without asking first.,Ask privately how they're doing and mention what you've noticed.,1
Setting Boundaries,After-hours messages,My classmate keeps messaging me about work late at night.,Let them know you'll respond first thing in the morning unless urgent.,Reply right away every time so they know you're available.,0
Handling Criticism,Friend's honest opinion,My cousin told me honestly they didn't like something I made.,Assume they just don't understand what you were going for.,Ask what specifically didn't work for them.,1
Public Speaking,Status update,I need to give my new employee a short status update on my work.,"Lead with the headline result, then add detail only if asked.",Walk through the process step by step in the order it happened.,0
Public Speaking,Q&A nerves,I'm worried about freezing up during questions from my teammate.,Answer as quickly as possible to avoid an awkward silence.,"Take a breath, repeat the question in your own words, then answer.",1
Public Speaking,Nervous before presenting,I have to present tomorrow with my old friend in the room and I'm nervous.,Write out the entire speech word for word and read from the page.,Practice out loud a few times and focus on your main message.,1
Handling Criticism,Manager feedback,My close friend gave me critical feedback on something I worked hard on.,Explain the reasons behind your choices before agreeing to change anything.,Thank them for the feedback and ask a specific question about improving.,1
Conflict Resolution,Team disagreement,My team lead and I disagree strongly about how to approach something.,Ask them to explain their reasoning and look for common ground.,Let whoever has more experience decide since they're likely right.,0
Empathy,Setback,My new employee didn't get something they really wanted.,Remind them of other good things going on to help them feel better.,Let them express disappointment without rushing to the positives.,1
Teamwork,Uneven workload,My cousin isn't doing their share of the work.,Talk to them privately about specific tasks and ask what's going on.,Quietly redo their part yourself so the project doesn't suffer.,0
Active Listening,Casual catch-up,My study partner is catching me up on their week.,Wait for your turn to talk about your own week.,Ask a couple of specific follow-up questions to show you're engaged.,1
Starting Conversations,Awkward silence,There's an awkward silence with my mentor and I don't know what to say.,Ask an open question about something you both just experienced.,Fill the silence by talking about yourself until it feels less awkward.,0
Setting Boundaries,Space boundary,My classmate drops by unannounced more than I'd like.,Let it continue and just seem busy when they show up.,Ask them kindly to check in before coming over.,1
Workplace Communication,Meeting overload,My team lead keeps scheduling meetings that could be emails.,Attend all of them without raising the issue.,Suggest an async update as an alternative for some of them.,1
Active Listening,Differing opinion,My teammate shares an opinion in discussion that's different from mine.,Ask them to explain more before sharing your own view.,Wait for a pause and then explain why your view is more accurate.,0
Making Friends,Shared hobby,My mentor likes the same hobby as me and I want to build a friendship.,Suggest doing the hobby together at a low-pressure time.,Message them frequently about the hobby to build common ground fast.,0
Conflict Resolution,Group project friction,My sibling and I clash on a shared project.,"Propose a short conversation focused only on the project, not personalities.",Split the work in half and avoid talking about the disagreement.,0
Starting Conversations,Waiting room,I'm sitting next to my close friend in a waiting room and want to talk.,Ask them several personal questions to fill the time.,"Make an easy comment about the wait, then see if they want to keep talking.",1
Assertiveness,Last-minute request,My manager asks me for a last-minute favor I can't really do.,Agree and rearrange your own plans to make it work.,"Say clearly that you can't this time, without a long justification.",1
Handling Criticism,Unsolicited critique,My team lead critiques something I didn't ask for feedback on.,Explain why their critique doesn't apply in this case.,Thank them briefly and decide later what's actually useful.,1
Assertiveness,Pressure to conform,My classmate is pressuring me to do something I'm not comfortable with.,Go along with it this once to avoid seeming judgmental.,"Say directly that you're not comfortable with it, without over-explaining.",1
Active Listening,Friend venting,My cousin is venting to me about a hard day.,Put distractions away and ask a follow-up question before offering advice.,Share a similar hard day you had so they know you understand.,0
Making Friends,New parent friend,My new employee and I are both new parents and could become friends.,Wait until you run into each other again to suggest anything.,"Suggest a specific low-pressure plan, like a walk with the kids.",1
Nonverbal Communication,Physical distance,My cousin seems to keep more physical distance than usual.,Move closer to make the conversation feel warmer.,Respect the space and let them close the distance if they want to.,1
Setting Boundaries,Financial boundary,My teammate asks to borrow money more often than feels comfortable.,Lend it each time to avoid an uncomfortable conversation.,Set a clear limit and explain it kindly.,1
Nonverbal Communication,Silent agreement,My close friend nods but seems unsure during a conversation.,Take the nod as full agreement and move on.,Check in directly to see if they actually agree or have concerns.,1
Conflict Resolution,Group project friction,My neighbor and I clash on a shared project.,"Propose a short conversation focused only on the project, not personalities.",Split the work in half and avoid talking about the disagreement.,0
Starting Conversations,Party small talk,I don't know what to say to my mentor at a party.,Ask what brought them there and follow their lead from there.,Talk mainly about your own week so they get to know you.,0
Empathy,Financial stress,My roommate hints at financial stress without saying it outright.,Let them bring it up fully in their own time rather than pressing.,Offer money right away to solve the problem quickly.,0
Conflict Resolution,Public disagreement,My old friend disagreed with me in front of others.,Stay calm in the moment and follow up with them privately after.,Push back just as strongly in front of the same group.,0
Active Listening,Feedback session,My new employee is giving me feedback I didn't expect.,"Listen fully before responding, even if you want to explain yourself.",Explain your reasoning as soon as a point doesn't sit right with you.,0
Nonverbal Communication,Crossed arms,My roommate has their arms crossed and seems distant.,Soften your own body language and ask an open question.,Mirror their crossed arms so the conversation feels balanced.,0
Teamwork,New teammate,My old friend just joined the team and seems unsure of their role.,Let them observe for a while so they can figure it out on their own.,Check in directly and walk through how the team works.,1
Setting Boundaries,Emotional labor,My mentor relies on me a lot for emotional support.,Support them within limits and encourage other resources too.,Keep absorbing it all so they don't feel unsupported.,0
Conflict Resolution,Group project friction,My manager and I clash on a shared project.,"Propose a short conversation focused only on the project, not personalities.",Split the work in half and avoid talking about the disagreement.,0
Active Listening,Friend venting,My sibling is venting to me about a hard day.,Share a similar hard day you had so they know you understand.,Put distractions away and ask a follow-up question before offering advice.,1
Conflict Resolution,Credit dispute,My cousin took credit for part of my idea.,Bring it up publicly so others hear the correction at once.,Talk to them privately first and explain how it affected you.,1
Nonverbal Communication,Silent agreement,My classmate nods but seems unsure during a conversation.,Check in directly to see if they actually agree or have concerns.,Take the nod as full agreement and move on.,0
Nonverbal Communication,Video call presence,I'm on a lot of video calls with my coworker and want to seem more engaged.,Look at the camera when speaking and nod occasionally.,Keep your camera off so you can focus without distraction.,0
Empathy,Health scare,My old friend just got concerning medical news.,Immediately research solutions and send them information.,Ask how they're feeling about it and what kind of support they want.,1
Assertiveness,Overloaded schedule,My study partner keeps adding to my workload without checking capacity.,State clearly what's already on your plate and ask them to help prioritize.,Take on everything without comment and try to work faster.,0
Assertiveness,Unwanted plans,My new employee keeps suggesting plans I don't actually want to do.,Keep agreeing and cancel at the last minute instead.,Say honestly that this activity isn't for you and suggest an alternative.,1
Teamwork,Disagreeing on direction,My manager and I can't agree on which idea to move forward with.,Suggest listing pros and cons together so the decision feels shared.,Go with whichever idea the more vocal person prefers.,0
Conflict Resolution,Noise issue,My team lead is being loud in a way that's affecting me.,Explain the specific issue calmly and propose a compromise.,Escalate to someone in charge before talking to them directly.,0
Handling Criticism,Written feedback,My old friend left written feedback that's hard to interpret in tone.,Ask a quick clarifying question rather than assuming the worst tone.,Assume the harshest possible tone and respond defensively.,0
Workplace Communication,Difficult email,I need to email my teammate about a mistake that affected me.,Cc other people right away so the issue is taken seriously.,State the issue factually and propose next steps.,1
Setting Boundaries,Financial boundary,My mentor asks to borrow money more often than feels comfortable.,Lend it each time to avoid an uncomfortable conversation.,Set a clear limit and explain it kindly.,1
Starting Conversations,Event mingling,I'm at an event where my old friend is and I want to start a conversation.,"Comment on something shared in the moment, like the event itself.",Stand near them and wait until they start talking to you.,0
Making Friends,Mutual friend,"I want to become friends with my classmate, who I met through someone else.",Wait until the mutual friend brings you together again.,Reach out directly instead of relying on the mutual friend to connect you.,1
Conflict Resolution,After an argument,I had an argument with my manager and we haven't spoken since.,Reach out and acknowledge the disagreement directly.,Wait for them to reach out first since they were more upset.,0
Starting Conversations,First meeting,I'm about to meet my close friend for the first time and I'm nervous about the opener.,Prepare a detailed introduction covering your background so nothing is left out.,"Prepare one simple, genuine question rather than a rehearsed line.",1
Starting Conversations,Party small talk,I don't know what to say to my team lead at a party.,Talk mainly about your own week so they get to know you.,Ask what brought them there and follow their lead from there.,1
Setting Boundaries,Social media boundary,My mentor tags or posts about me in ways I'm not comfortable with.,Untag yourself quietly each time without saying anything.,Ask them directly to check with you before posting about you.,1
Nonverbal Communication,Group photo moment,I want to seem approachable to my manager in a group setting.,Stand slightly apart so you don't seem like you're intruding.,Keep an open stance and make brief eye contact with people as they talk.,1
Assertiveness,Uncomfortable joke,My team lead makes a joke at my expense that bothers me.,"Let them know directly, without making it a bigger issue than needed.",Laugh along so it doesn't seem like a big deal.,0
Handling Criticism,Harsh review,I received a harsh review from my roommate that felt more personal than helpful.,Separate the useful points from the tone and ask a focused follow-up.,Dismiss the whole review since the tone felt unfair.,0
Empathy,Pre-exam anxiety,My teammate tells me they're anxious about a big test or evaluation.,Ask what part feels hardest and just listen.,Tell them they'll definitely do fine since they usually do.,0
Assertiveness,Overloaded schedule,My classmate keeps adding to my workload without checking capacity.,State clearly what's already on your plate and ask them to help prioritize.,Take on everything without comment and try to work faster.,0
Empathy,Difficult decision,My cousin is torn over a difficult decision.,Tell them clearly what you think they should do.,Ask questions that help them think it through rather than telling them what to do.,1
Teamwork,Group decision fatigue,My sibling and the team keep re-deciding the same thing.,Suggest documenting the decision once it's made so it sticks.,Let the discussion happen again each time it comes up.,0
Workplace Communication,Disagreeing publicly,My coworker says something inaccurate in a meeting with others present.,Note it calmly in the meeting or follow up privately after.,Correct them firmly in front of everyone right away.,0
Workplace Communication,Cross-team request,I need something from my old friend on another team that isn't their priority.,Follow up frequently until they get to it.,Explain clearly why it matters and ask what timeline works.,1
Setting Boundaries,Social media boundary,My new employee tags or posts about me in ways I'm not comfortable with.,Ask them directly to check with you before posting about you.,Untag yourself quietly each time without saying anything.,0
Setting Boundaries,Borrowed items,My study partner borrows things and often returns them late or damaged.,Tell them directly what you need going forward.,Stop mentioning it and quietly avoid lending to them again.,0
Teamwork,Group decision fatigue,My coworker and the team keep re-deciding the same thing.,Suggest documenting the decision once it's made so it sticks.,Let the discussion happen again each time it comes up.,0
Setting Boundaries,Time boundary,My mentor tends to run long in conversations when I have limited time.,Let them know upfront how much time you have.,Let the conversation run long to avoid seeming rude.,0
Setting Boundaries,Repeated favors,My neighbor keeps asking for the same favor without offering anything back.,Keep helping without saying anything about the imbalance.,Mention the pattern directly and see if something can change.,1
Active Listening,Complaint,My teammate is complaining about something that affects them directly.,Repeat their concern back in your own words before responding.,Apologize briefly and move on to explaining the policy or reasoning.,0
Empathy,Difficult decision,My teammate is torn over a difficult decision.,Tell them clearly what you think they should do.,Ask questions that help them think it through rather than telling them what to do.,1
Public Speaking,Toast or speech,I have to give a toast or speech in front of my close friend and don't know where to start.,"Pick one specific, genuine memory and build the speech around it.",Include as many jokes and stories as possible.,0
Nonverbal Communication,First meeting nerves,I'm nervous meeting my study partner and not sure how I'm coming across.,Fill every silence with talking so there's never an awkward pause.,Keep your posture open and let there be some comfortable pauses.,1
Starting Conversations,Online intro,I want to message my study partner online for the first time without it feeling weird.,Reference something specific you have in common before asking a question.,Send a long message explaining exactly why you're reaching out.,0
Workplace Communication,Disagreeing publicly,My classmate says something inaccurate in a meeting with others present.,Correct them firmly in front of everyone right away.,Note it calmly in the meeting or follow up privately after.,1
Empathy,Financial stress,My manager hints at financial stress without saying it outright.,Offer money right away to solve the problem quickly.,Let them bring it up fully in their own time rather than pressing.,1
Making Friends,Group outings,I see my cousin often in groups but never one-on-one.,Invite them to do something just the two of you.,Talk to everyone equally and let closer bonds form on their own.,0
Teamwork,New teammate,My classmate just joined the team and seems unsure of their role.,Check in directly and walk through how the team works.,Let them observe for a while so they can figure it out on their own.,0
Teamwork,Sharing credit,Our team succeeded mostly because of my new employee's extra effort.,Present it as a fully equal effort so no one feels singled out.,Acknowledge their specific contribution while recognizing the team too.,1
Making Friends,Deepening a friendship,I want my friendship with my close friend to feel closer.,Share something a bit more personal and see how they respond.,Do more favors for them so they feel obligated to get closer.,0
Conflict Resolution,Broken promise,My coworker didn't follow through on something they promised.,"Mention it calmly and ask what happened, without assuming the worst.",Stop relying on them without saying anything about why.,0
Starting Conversations,Group setting,I want to join a conversation my team lead is already having with others.,Wait for a full pause before jumping in with a new topic.,"Listen for a moment, then add something relevant to what's being said.",1
Conflict Resolution,Noise issue,My mentor is being loud in a way that's affecting me.,Explain the specific issue calmly and propose a compromise.,Escalate to someone in charge before talking to them directly.,0
Handling Criticism,Criticism of a decision,My study partner criticizes a decision I already made.,Explain in detail why the decision was the only reasonable option.,"Hear them out and note it for future decisions, even if it's done.",1
Active Listening,Friend venting,My manager is venting to me about a hard day.,Put distractions away and ask a follow-up question before offering advice.,Share a similar hard day you had so they know you understand.,0
Public Speaking,Q&A nerves,I'm worried about freezing up during questions from my classmate.,Answer as quickly as possible to avoid an awkward silence.,"Take a breath, repeat the question in your own words, then answer.",1
Conflict Resolution,Shared space,My sibling keeps leaving a mess and it's bothering me.,Bring it up calmly in person and suggest a system that works for both of you.,Leave it as is until they notice the problem themselves.,0
Teamwork,Cross-functional friction,My sibling on another team isn't cooperating well with mine.,Set up a conversation to understand their constraints and priorities.,Escalate to management before trying to talk directly.,0
Public Speaking,Recorded presentation,I'm recording a presentation my mentor will watch later.,Keep it concise and structured since there's no live back-and-forth.,"Include everything you might normally say live, just in case.",0
Public Speaking,Nervous before presenting,I have to present tomorrow with my neighbor in the room and I'm nervous.,Write out the entire speech word for word and read from the page.,Practice out loud a few times and focus on your main message.,1
Workplace Communication,Meeting overload,My neighbor keeps scheduling meetings that could be emails.,Attend all of them without raising the issue.,Suggest an async update as an alternative for some of them.,1
Setting Boundaries,Time boundary,My cousin tends to run long in conversations when I have limited time.,Let them know upfront how much time you have.,Let the conversation run long to avoid seeming rude.,0
Active Listening,Long story,My close friend is telling a long story and I'm losing focus.,Stay present and ask a question about a detail to re-engage.,Let your mind wander until they get to the point.,0
Setting Boundaries,Family expectations,My close friend expects me at every gathering even when I'm exhausted.,Let them know in advance which ones you can make and why.,Attend every one to avoid a difficult conversation.,0
Active Listening,Disagreement in meeting,My mentor is explaining an idea I disagree with in a meeting.,"Let them finish, then ask a clarifying question about the unclear part.",Prepare your counterpoints while they're still talking.,0
Active Listening,Friend venting,My mentor is venting to me about a hard day.,Put distractions away and ask a follow-up question before offering advice.,Share a similar hard day you had so they know you understand.,0
Nonverbal Communication,Distracted listener,My new employee seems distracted while I'm talking to them.,Pause briefly and check in before continuing.,Keep talking at the same pace regardless.,0
Assertiveness,Price disagreement,I think what my new employee is charging or asking for is too much.,Accept it to avoid an awkward conversation.,Ask directly for the reasoning and mention your expectation.,1
Assertiveness,Unwanted plans,My sibling keeps suggesting plans I don't actually want to do.,Keep agreeing and cancel at the last minute instead.,Say honestly that this activity isn't for you and suggest an alternative.,1
Active Listening,Feedback session,My roommate is giving me feedback I didn't expect.,Explain your reasoning as soon as a point doesn't sit right with you.,"Listen fully before responding, even if you want to explain yourself.",1
Making Friends,Mutual friend,"I want to become friends with my roommate, who I met through someone else.",Reach out directly instead of relying on the mutual friend to connect you.,Wait until the mutual friend brings you together again.,0
Empathy,Fear of change,My neighbor is scared about an upcoming change in their life.,Ask what specifically worries them before offering reassurance.,Tell them there's nothing to worry about and it'll be fine.,0
Setting Boundaries,After-hours messages,My study partner keeps messaging me about work late at night.,Reply right away every time so they know you're available.,Let them know you'll respond first thing in the morning unless urgent.,1
Setting Boundaries,Social media boundary,My close friend tags or posts about me in ways I'm not comfortable with.,Untag yourself quietly each time without saying anything.,Ask them directly to check with you before posting about you.,1
Starting Conversations,Awkward silence,There's an awkward silence with my sibling and I don't know what to say.,Fill the silence by talking about yourself until it feels less awkward.,Ask an open question about something you both just experienced.,1
Teamwork,Conflicting styles,My cousin works very differently from me and it's causing friction.,Talk openly about work styles and agree on a middle ground.,Adjust your own style completely to match theirs.,0
Starting Conversations,New coworker,My close friend just joined and I want to introduce myself well.,Introduce yourself briefly and ask one easy question about their first days.,Give them a long rundown of how everything works before they've settled in.,0
Active Listening,Emotional topic,My team lead brings up something emotional and I want to respond well.,Reassure them quickly that everything will be fine.,"Slow down, make eye contact, and let them finish before speaking.",1
Active Listening,Giving updates,My teammate is giving me a project update I need to fully understand.,Listen loosely since you can always ask questions later if needed.,Take notes and summarize back the key points before responding.,1
Empathy,Comparing struggles,My study partner is struggling with something I've been through myself.,Share your own story in detail since it might help them relate.,Focus on their specific experience rather than comparing to your own.,1
Active Listening,Emotional topic,My close friend brings up something emotional and I want to respond well.,Reassure them quickly that everything will be fine.,"Slow down, make eye contact, and let them finish before speaking.",1
Setting Boundaries,Family expectations,My study partner expects me at every gathering even when I'm exhausted.,Let them know in advance which ones you can make and why.,Attend every one to avoid a difficult conversation.,0
Empathy,Pre-exam anxiety,My new employee tells me they're anxious about a big test or evaluation.,Ask what part feels hardest and just listen.,Tell them they'll definitely do fine since they usually do.,0
Handling Criticism,Friend's honest opinion,My mentor told me honestly they didn't like something I made.,Ask what specifically didn't work for them.,Assume they just don't understand what you were going for.,0
Workplace Communication,Sensitive topic,I need to bring up a sensitive topic with my mentor at work.,Bring it up casually in a group setting to soften it.,Choose a private setting and lead with the specific concern.,1
Public Speaking,Technical explanation,"I need to explain something technical to my manager, who isn't familiar with it.",Explain it exactly the way you'd explain it to an expert.,"Start with the simplest version, then add detail if they ask.",1
Active Listening,Important news,My close friend is telling me something important and I keep getting distracted.,Nod along while thinking about how you'll respond.,Repeat back the main point to make sure you understood it.,1
Empathy,Difficult decision,My close friend is torn over a difficult decision.,Ask questions that help them think it through rather than telling them what to do.,Tell them clearly what you think they should do.,0
Making Friends,Long distance,My teammate moved away and I want to keep the friendship going.,Wait for them to reach out first since they moved.,"Set a simple regular way to stay in touch, like a monthly call.",1
Starting Conversations,New coworker,My neighbor just joined and I want to introduce myself well.,Introduce yourself briefly and ask one easy question about their first days.,Give them a long rundown of how everything works before they've settled in.,0
Assertiveness,Repeated lateness,My team lead is consistently late when we meet.,Mention it directly and ask if a different time would work better.,Start showing up late yourself so it feels even.,0
Public Speaking,Losing the audience,I notice my neighbor and others checking their phones while I present.,Speak faster to get through the remaining content.,"Pause, ask a quick question to re-engage the room, then continue.",1
Assertiveness,Overloaded schedule,My new employee keeps adding to my workload without checking capacity.,State clearly what's already on your plate and ask them to help prioritize.,Take on everything without comment and try to work faster.,0
Active Listening,Differing opinion,My cousin shares an opinion in discussion that's different from mine.,Ask them to explain more before sharing your own view.,Wait for a pause and then explain why your view is more accurate.,0
Handling Criticism,Friend's honest opinion,My team lead told me honestly they didn't like something I made.,Ask what specifically didn't work for them.,Assume they just don't understand what you were going for.,0
Starting Conversations,Awkward silence,There's an awkward silence with my roommate and I don't know what to say.,Ask an open question about something you both just experienced.,Fill the silence by talking about yourself until it feels less awkward.,0
Public Speaking,Recorded presentation,I'm recording a presentation my manager will watch later.,"Include everything you might normally say live, just in case.",Keep it concise and structured since there's no live back-and-forth.,1
Assertiveness,Being interrupted,My coworker keeps interrupting me when I talk.,Stop bringing up points so it doesn't happen again.,"Say calmly, 'I'd like to finish my point,' the next time it happens.",1
Teamwork,Sharing credit,Our team succeeded mostly because of my study partner's extra effort.,Present it as a fully equal effort so no one feels singled out.,Acknowledge their specific contribution while recognizing the team too.,1
Making Friends,Long distance,My coworker moved away and I want to keep the friendship going.,"Set a simple regular way to stay in touch, like a monthly call.",Wait for them to reach out first since they moved.,0
Handling Criticism,Public correction,My mentor corrected a mistake I made in front of others.,Correct them back on something minor later to feel even.,Acknowledge the correction calmly and thank them.,1
Starting Conversations,Shared wait,I'm waiting for a bus with my neighbor and want to strike up a chat.,Comment on something happening around you and see if they engage.,Ask them directly if they want to talk to pass the time.,0
Assertiveness,Repeated lateness,My new employee is consistently late when we meet.,Mention it directly and ask if a different time would work better.,Start showing up late yourself so it feels even.,0
Making Friends,Mutual friend,"I want to become friends with my sibling, who I met through someone else.",Wait until the mutual friend brings you together again.,Reach out directly instead of relying on the mutual friend to connect you.,1
Starting Conversations,Meeting new people,I'm new to a group with my roommate and don't know how to start talking.,"Start with a simple question about what's going on around you, then build on their answer.",Wait for someone to notice you're new and approach you first.,0
Active Listening,Important news,My team lead is telling me something important and I keep getting distracted.,Repeat back the main point to make sure you understood it.,Nod along while thinking about how you'll respond.,0
Active Listening,Important news,My manager is telling me something important and I keep getting distracted.,Nod along while thinking about how you'll respond.,Repeat back the main point to make sure you understood it.,1
Public Speaking,Toast or speech,I have to give a toast or speech in front of my roommate and don't know where to start.,Include as many jokes and stories as possible.,"Pick one specific, genuine memory and build the speech around it.",1
Making Friends,Awkward gap,There's been an awkward gap since I last talked to my sibling.,Apologize extensively for not reaching out sooner.,Reach out casually without over-explaining the gap.,1
Handling Criticism,Friend's honest opinion,My teammate told me honestly they didn't like something I made.,Assume they just don't understand what you were going for.,Ask what specifically didn't work for them.,1
Empathy,Financial stress,My study partner hints at financial stress without saying it outright.,Let them bring it up fully in their own time rather than pressing.,Offer money right away to solve the problem quickly.,0
Starting Conversations,Online intro,I want to message my cousin online for the first time without it feeling weird.,Reference something specific you have in common before asking a question.,Send a long message explaining exactly why you're reaching out.,0
Making Friends,New environment,I just started somewhere new with my roommate and want to build a friendship.,Show consistent interest over time and remember details they share.,Try to befriend the most popular person first to meet others faster.,0
Empathy,Bad day,My neighbor is clearly having a bad day but hasn't explained why.,Give them space entirely so they can process it alone.,Check in gently and let them share as much or as little as they want.,1
Workplace Communication,Disagreeing publicly,My old friend says something inaccurate in a meeting with others present.,Note it calmly in the meeting or follow up privately after.,Correct them firmly in front of everyone right away.,0
Conflict Resolution,Shared space,My cousin keeps leaving a mess and it's bothering me.,Leave it as is until they notice the problem themselves.,Bring it up calmly in person and suggest a system that works for both of you.,1
Workplace Communication,Disagreeing publicly,My close friend says something inaccurate in a meeting with others present.,Correct them firmly in front of everyone right away.,Note it calmly in the meeting or follow up privately after.,1
Nonverbal Communication,Video call presence,I'm on a lot of video calls with my new employee and want to seem more engaged.,Look at the camera when speaking and nod occasionally.,Keep your camera off so you can focus without distraction.,0
Conflict Resolution,Credit dispute,My coworker took credit for part of my idea.,Talk to them privately first and explain how it affected you.,Bring it up publicly so others hear the correction at once.,0
Active Listening,Casual catch-up,My sibling is catching me up on their week.,Wait for your turn to talk about your own week.,Ask a couple of specific follow-up questions to show you're engaged.,1
Conflict Resolution,Broken promise,My roommate didn't follow through on something they promised.,Stop relying on them without saying anything about why.,"Mention it calmly and ask what happened, without assuming the worst.",1
Active Listening,Giving updates,My manager is giving me a project update I need to fully understand.,Listen loosely since you can always ask questions later if needed.,Take notes and summarize back the key points before responding.,1
Making Friends,New city,I moved somewhere new and want to build a friendship with my cousin.,Suggest a regular low-key activity together so contact becomes natural.,Attend as many one-off events with them as possible.,0
Public Speaking,Speaking to a large group,I'm nervous speaking to a room that includes my sibling and many others.,Avoid eye contact so you don't get more nervous.,Pick one or two friendly faces in the room to speak toward.,1
Starting Conversations,Meeting new people,I'm new to a group with my coworker and don't know how to start talking.,"Start with a simple question about what's going on around you, then build on their answer.",Wait for someone to notice you're new and approach you first.,0
Assertiveness,Last-minute request,My new employee asks me for a last-minute favor I can't really do.,Agree and rearrange your own plans to make it work.,"Say clearly that you can't this time, without a long justification.",1
Setting Boundaries,Time boundary,My classmate tends to run long in conversations when I have limited time.,Let the conversation run long to avoid seeming rude.,Let them know upfront how much time you have.,1
Active Listening,Casual catch-up,My coworker is catching me up on their week.,Wait for your turn to talk about your own week.,Ask a couple of specific follow-up questions to show you're engaged.,1
Active Listening,Long story,My roommate is telling a long story and I'm losing focus.,Let your mind wander until they get to the point.,Stay present and ask a question about a detail to re-engage.,1
Nonverbal Communication,Video call presence,I'm on a lot of video calls with my teammate and want to seem more engaged.,Look at the camera when speaking and nod occasionally.,Keep your camera off so you can focus without distraction.,0
Assertiveness,Disrespected opinion,My sibling dismisses my opinion in front of others.,Restate your point calmly and ask to be heard fully.,"Stay quiet in the moment and bring it up much later, if at all.",0
Active Listening,Disagreement in meeting,My classmate is explaining an idea I disagree with in a meeting.,"Let them finish, then ask a clarifying question about the unclear part.",Prepare your counterpoints while they're still talking.,0
Starting Conversations,Elevator moment,I'm stuck in an elevator with my new employee and it's silent.,"Make a light, easy comment about the situation to break the ice.",Stay quiet since small talk in short moments can feel forced.,0
Setting Boundaries,Space boundary,My old friend drops by unannounced more than I'd like.,Let it continue and just seem busy when they show up.,Ask them kindly to check in before coming over.,1
Empathy,Setback,My sibling didn't get something they really wanted.,Let them express disappointment without rushing to the positives.,Remind them of other good things going on to help them feel better.,0
Assertiveness,Unreasonable request,My study partner asks for something that isn't reasonable given the timeline.,Explain what's realistic and propose an alternative timeline.,Agree to the timeline and rush to make it work anyway.,0
Teamwork,Silent teammate,My old friend rarely speaks up in team discussions.,Ask for their input directly during discussions.,Let them contribute in writing afterward instead of asking directly.,0
Active Listening,Giving updates,My coworker is giving me a project update I need to fully understand.,Listen loosely since you can always ask questions later if needed.,Take notes and summarize back the key points before responding.,1
Public Speaking,Nervous before presenting,I have to present tomorrow with my classmate in the room and I'm nervous.,Write out the entire speech word for word and read from the page.,Practice out loud a few times and focus on your main message.,1
Teamwork,Unequal recognition,My close friend gets recognized more than others despite similar effort.,Work harder to try to get noticed the same way.,Mention the imbalance to whoever leads recognition decisions.,1
Nonverbal Communication,Comforting someone,My close friend is upset and I want to comfort them without words getting in the way.,Talk continuously to fill the silence.,"Sit close, keep an open posture, and let your presence show support.",1
Conflict Resolution,Noise issue,My teammate is being loud in a way that's affecting me.,Explain the specific issue calmly and propose a compromise.,Escalate to someone in charge before talking to them directly.,0
Conflict Resolution,Public disagreement,My sibling disagreed with me in front of others.,Stay calm in the moment and follow up with them privately after.,Push back just as strongly in front of the same group.,0
Setting Boundaries,After-hours messages,My manager keeps messaging me about work late at night.,Reply right away every time so they know you're available.,Let them know you'll respond first thing in the morning unless urgent.,1
Handling Criticism,Performance review,My manager gave me a performance review lower than expected.,Push back on the rating before hearing the full explanation.,Ask for specific examples so you understand exactly what to improve.,1
Nonverbal Communication,Distracted listener,My coworker seems distracted while I'm talking to them.,Pause briefly and check in before continuing.,Keep talking at the same pace regardless.,0
Handling Criticism,Repeated feedback,I keep getting the same feedback from my neighbor and others.,Take it as a real signal worth addressing.,Assume it's a coincidence since they don't know each other.,0
Making Friends,Mutual friend,"I want to become friends with my team lead, who I met through someone else.",Wait until the mutual friend brings you together again.,Reach out directly instead of relying on the mutual friend to connect you.,1
Empathy,Health scare,My roommate just got concerning medical news.,Immediately research solutions and send them information.,Ask how they're feeling about it and what kind of support they want.,1
Handling Criticism,Written feedback,My team lead left written feedback that's hard to interpret in tone.,Assume the harshest possible tone and respond defensively.,Ask a quick clarifying question rather than assuming the worst tone.,1
Workplace Communication,Giving feedback up,"I need to give feedback to my neighbor, who is more senior than me.",Frame it around impact and ask if they're open to a suggestion.,Wait for them to ask for feedback before offering any.,0
Empathy,Public embarrassment,My neighbor did something embarrassing in front of others.,"Help them move past it with a light, kind comment.",Pretend not to notice so they don't feel more embarrassed.,0
Assertiveness,Disrespected opinion,My close friend dismisses my opinion in front of others.,"Stay quiet in the moment and bring it up much later, if at all.",Restate your point calmly and ask to be heard fully.,1
Nonverbal Communication,Tense meeting,My manager seems tense during a meeting and it's affecting the room.,Match their tense energy so the seriousness is clear.,Keep your own tone calm and open to help ease the tension.,1
Starting Conversations,Meeting new people,I'm new to a group with my neighbor and don't know how to start talking.,Wait for someone to notice you're new and approach you first.,"Start with a simple question about what's going on around you, then build on their answer.",1
Public Speaking,Losing the audience,I notice my coworker and others checking their phones while I present.,"Pause, ask a quick question to re-engage the room, then continue.",Speak faster to get through the remaining content.,0
Conflict Resolution,Public disagreement,My team lead disagreed with me in front of others.,Stay calm in the moment and follow up with them privately after.,Push back just as strongly in front of the same group.,0
Setting Boundaries,Financial boundary,My roommate asks to borrow money more often than feels comfortable.,Lend it each time to avoid an uncomfortable conversation.,Set a clear limit and explain it kindly.,1
Assertiveness,Last-minute request,My classmate asks me for a last-minute favor I can't really do.,Agree and rearrange your own plans to make it work.,"Say clearly that you can't this time, without a long justification.",1
Empathy,Pre-exam anxiety,My study partner tells me they're anxious about a big test or evaluation.,Tell them they'll definitely do fine since they usually do.,Ask what part feels hardest and just listen.,1
Conflict Resolution,Credit dispute,My mentor took credit for part of my idea.,Bring it up publicly so others hear the correction at once.,Talk to them privately first and explain how it affected you.,1
Teamwork,Sharing credit,Our team succeeded mostly because of my neighbor's extra effort.,Acknowledge their specific contribution while recognizing the team too.,Present it as a fully equal effort so no one feels singled out.,0
Empathy,Health scare,My study partner just got concerning medical news.,Ask how they're feeling about it and what kind of support they want.,Immediately research solutions and send them information.,0
Nonverbal Communication,Group photo moment,I want to seem approachable to my neighbor in a group setting.,Stand slightly apart so you don't seem like you're intruding.,Keep an open stance and make brief eye contact with people as they talk.,1
Starting Conversations,Shared wait,I'm waiting for a bus with my close friend and want to strike up a chat.,Comment on something happening around you and see if they engage.,Ask them directly if they want to talk to pass the time.,0
Assertiveness,Last-minute request,My coworker asks me for a last-minute favor I can't really do.,"Say clearly that you can't this time, without a long justification.",Agree and rearrange your own plans to make it work.,0
Workplace Communication,Requesting time off,I need to ask my team lead for time off during a busy period.,Ask at the last minute and let them figure out coverage.,Give as much notice as possible and offer a coverage plan.,1
Assertiveness,Unwanted plans,My cousin keeps suggesting plans I don't actually want to do.,Keep agreeing and cancel at the last minute instead.,Say honestly that this activity isn't for you and suggest an alternative.,1
Workplace Communication,Sensitive topic,I need to bring up a sensitive topic with my coworker at work.,Choose a private setting and lead with the specific concern.,Bring it up casually in a group setting to soften it.,0
Handling Criticism,Harsh review,I received a harsh review from my team lead that felt more personal than helpful.,Separate the useful points from the tone and ask a focused follow-up.,Dismiss the whole review since the tone felt unfair.,0
Active Listening,Emotional topic,My old friend brings up something emotional and I want to respond well.,Reassure them quickly that everything will be fine.,"Slow down, make eye contact, and let them finish before speaking.",1
Public Speaking,Recorded presentation,I'm recording a presentation my study partner will watch later.,Keep it concise and structured since there's no live back-and-forth.,"Include everything you might normally say live, just in case.",0
Workplace Communication,Missed deadline,I realize I'm going to miss a deadline my cousin is expecting.,Wait until the deadline passes and explain afterward.,"Tell them as soon as you know, with a revised timeline.",1
Setting Boundaries,Space boundary,My neighbor drops by unannounced more than I'd like.,Let it continue and just seem busy when they show up.,Ask them kindly to check in before coming over.,1
Conflict Resolution,Public disagreement,My coworker disagreed with me in front of others.,Stay calm in the moment and follow up with them privately after.,Push back just as strongly in front of the same group.,0
Active Listening,Instructions,My neighbor is giving me instructions I need to follow exactly.,Start right away and ask questions only if something goes wrong.,Repeat the instructions back to confirm before starting.,1
Conflict Resolution,Shared space,My classmate keeps leaving a mess and it's bothering me.,Bring it up calmly in person and suggest a system that works for both of you.,Leave it as is until they notice the problem themselves.,0
Workplace Communication,Onboarding question,I have a lot of questions as I onboard and don't want to bother my manager.,Batch your questions and ask them at a natural check-in time.,Avoid asking and try to figure everything out on your own.,0
Active Listening,Long story,My classmate is telling a long story and I'm losing focus.,Let your mind wander until they get to the point.,Stay present and ask a question about a detail to re-engage.,1
Conflict Resolution,Credit dispute,My classmate took credit for part of my idea.,Bring it up publicly so others hear the correction at once.,Talk to them privately first and explain how it affected you.,1
Public Speaking,Pitching an idea,I'm pitching an idea to my old friend and want it to land well.,Open with every detail of the solution so nothing is missed.,Open with the problem and why it matters before the solution.,1
Setting Boundaries,Social media boundary,My old friend tags or posts about me in ways I'm not comfortable with.,Untag yourself quietly each time without saying anything.,Ask them directly to check with you before posting about you.,1
Workplace Communication,Cross-team request,I need something from my close friend on another team that isn't their priority.,Explain clearly why it matters and ask what timeline works.,Follow up frequently until they get to it.,0
Setting Boundaries,Unsolicited advice,My close friend keeps giving advice about a decision that's mine to make.,"Thank them for caring, then state clearly you've got it handled.",Nod along and quietly do what you were going to do anyway.,0
Teamwork,Sharing credit,Our team succeeded mostly because of my sibling's extra effort.,Acknowledge their specific contribution while recognizing the team too.,Present it as a fully equal effort so no one feels singled out.,0
Setting Boundaries,Emotional labor,My team lead relies on me a lot for emotional support.,Support them within limits and encourage other resources too.,Keep absorbing it all so they don't feel unsupported.,0
Public Speaking,Impromptu speaking,My coworker asks me to say a few words with no preparation.,Try to cover everything you can think of on the spot.,"Take a breath, pick one point, and keep it short.",1
Conflict Resolution,Miscommunication,My manager misunderstood something I said and got upset.,Clarify what you meant calmly and ask how they took it.,Assume it will blow over on its own without addressing it.,0
Conflict Resolution,Miscommunication,My old friend misunderstood something I said and got upset.,Assume it will blow over on its own without addressing it.,Clarify what you meant calmly and ask how they took it.,1
Conflict Resolution,Public disagreement,My manager disagreed with me in front of others.,Push back just as strongly in front of the same group.,Stay calm in the moment and follow up with them privately after.,1
Public Speaking,Impromptu speaking,My cousin asks me to say a few words with no preparation.,"Take a breath, pick one point, and keep it short.",Try to cover everything you can think of on the spot.,0
Teamwork,Decision paralysis,My old friend and the team can't decide on next steps.,Wait for someone else to take the lead on deciding.,Propose a clear deadline for the decision and a simple way to choose.,1
Handling Criticism,Public correction,My old friend corrected a mistake I made in front of others.,Correct them back on something minor later to feel even.,Acknowledge the correction calmly and thank them.,1
Conflict Resolution,Noise issue,My coworker is being loud in a way that's affecting me.,Escalate to someone in charge before talking to them directly.,Explain the specific issue calmly and propose a compromise.,1
Teamwork,Conflicting styles,My team lead works very differently from me and it's causing friction.,Adjust your own style completely to match theirs.,Talk openly about work styles and agree on a middle ground.,1
Public Speaking,Speaking to a large group,I'm nervous speaking to a room that includes my neighbor and many others.,Avoid eye contact so you don't get more nervous.,Pick one or two friendly faces in the room to speak toward.,1
Teamwork,Group decision fatigue,My neighbor and the team keep re-deciding the same thing.,Let the discussion happen again each time it comes up.,Suggest documenting the decision once it's made so it sticks.,1
Starting Conversations,Waiting room,I'm sitting next to my mentor in a waiting room and want to talk.,Ask them several personal questions to fill the time.,"Make an easy comment about the wait, then see if they want to keep talking.",1
Public Speaking,Pitching an idea,I'm pitching an idea to my study partner and want it to land well.,Open with the problem and why it matters before the solution.,Open with every detail of the solution so nothing is missed.,0
Setting Boundaries,Space boundary,My roommate drops by unannounced more than I'd like.,Ask them kindly to check in before coming over.,Let it continue and just seem busy when they show up.,0
Setting Boundaries,Overcommitted,My cousin keeps asking for favors that take up a lot of my time.,Say yes to what you can genuinely manage and be honest otherwise.,Keep saying yes so the relationship doesn't feel strained.,0
Public Speaking,Pitching an idea,I'm pitching an idea to my coworker and want it to land well.,Open with the problem and why it matters before the solution.,Open with every detail of the solution so nothing is missed.,0
Making Friends,New environment,I just started somewhere new with my sibling and want to build a friendship.,Show consistent interest over time and remember details they share.,Try to befriend the most popular person first to meet others faster.,0
Assertiveness,Unfair blame,I got blamed for something that wasn't my fault by my cousin.,"Explain calmly what actually happened, with specifics.",Let it go since bringing it up might seem difficult.,0
Public Speaking,Q&A nerves,I'm worried about freezing up during questions from my sibling.,Answer as quickly as possible to avoid an awkward silence.,"Take a breath, repeat the question in your own words, then answer.",1
Empathy,Fear of change,My manager is scared about an upcoming change in their life.,Ask what specifically worries them before offering reassurance.,Tell them there's nothing to worry about and it'll be fine.,0
Public Speaking,Unexpected question,My close friend asks a question during my talk that I don't know the answer to.,Admit you're not sure and offer to follow up after finding out.,Give a general answer that sounds confident either way.,0
Workplace Communication,Disagreeing with decision,I disagree with a decision my cousin made.,Bring it up in a group meeting so others can weigh in.,Ask for a private conversation to share your concern.,1
Making Friends,Awkward gap,There's been an awkward gap since I last talked to my mentor.,Apologize extensively for not reaching out sooner.,Reach out casually without over-explaining the gap.,1
Nonverbal Communication,Tense meeting,My old friend seems tense during a meeting and it's affecting the room.,Match their tense energy so the seriousness is clear.,Keep your own tone calm and open to help ease the tension.,1
Assertiveness,Price disagreement,I think what my sibling is charging or asking for is too much.,Accept it to avoid an awkward conversation.,Ask directly for the reasoning and mention your expectation.,1
Workplace Communication,Onboarding question,I have a lot of questions as I onboard and don't want to bother my sibling.,Batch your questions and ask them at a natural check-in time.,Avoid asking and try to figure everything out on your own.,0
Handling Criticism,Unsolicited critique,My sibling critiques something I didn't ask for feedback on.,Explain why their critique doesn't apply in this case.,Thank them briefly and decide later what's actually useful.,1
Conflict Resolution,After an argument,I had an argument with my teammate and we haven't spoken since.,Wait for them to reach out first since they were more upset.,Reach out and acknowledge the disagreement directly.,1
Nonverbal Communication,Silent agreement,My teammate nods but seems unsure during a conversation.,Check in directly to see if they actually agree or have concerns.,Take the nod as full agreement and move on.,0
Public Speaking,Impromptu speaking,My study partner asks me to say a few words with no preparation.,"Take a breath, pick one point, and keep it short.",Try to cover everything you can think of on the spot.,0
Handling Criticism,Public correction,My close friend corrected a mistake I made in front of others.,Acknowledge the correction calmly and thank them.,Correct them back on something minor later to feel even.,0
Conflict Resolution,Shared space,My roommate keeps leaving a mess and it's bothering me.,Bring it up calmly in person and suggest a system that works for both of you.,Leave it as is until they notice the problem themselves.,0
Workplace Communication,Onboarding question,I have a lot of questions as I onboard and don't want to bother my neighbor.,Batch your questions and ask them at a natural check-in time.,Avoid asking and try to figure everything out on your own.,0
Assertiveness,Unfair blame,I got blamed for something that wasn't my fault by my roommate.,Let it go since bringing it up might seem difficult.,"Explain calmly what actually happened, with specifics.",1
Setting Boundaries,Financial boundary,My study partner asks to borrow money more often than feels comfortable.,Lend it each time to avoid an uncomfortable conversation.,Set a clear limit and explain it kindly.,1
Teamwork,Missed deadline,My team lead missed a deadline that affected the whole team.,Point out the missed deadline in front of the team.,Ask what happened and work together on a recovery plan.,1
Assertiveness,Price disagreement,I think what my classmate is charging or asking for is too much.,Accept it to avoid an awkward conversation.,Ask directly for the reasoning and mention your expectation.,1
Starting Conversations,Elevator moment,I'm stuck in an elevator with my coworker and it's silent.,"Make a light, easy comment about the situation to break the ice.",Stay quiet since small talk in short moments can feel forced.,0
Nonverbal Communication,Job interview,I have an interview with my classmate and want to make a good impression.,Focus mainly on what to say and not worry about body language.,"Make steady eye contact and sit with an open, relaxed posture.",1
Empathy,Pre-exam anxiety,My mentor tells me they're anxious about a big test or evaluation.,Tell them they'll definitely do fine since they usually do.,Ask what part feels hardest and just listen.,1
Setting Boundaries,Borrowed items,My coworker borrows things and often returns them late or damaged.,Tell them directly what you need going forward.,Stop mentioning it and quietly avoid lending to them again.,0
Workplace Communication,Disagreeing publicly,My new employee says something inaccurate in a meeting with others present.,Note it calmly in the meeting or follow up privately after.,Correct them firmly in front of everyone right away.,0
Workplace Communication,Disagreeing with decision,I disagree with a decision my roommate made.,Ask for a private conversation to share your concern.,Bring it up in a group meeting so others can weigh in.,0
Teamwork,Group decision fatigue,My new employee and the team keep re-deciding the same thing.,Suggest documenting the decision once it's made so it sticks.,Let the discussion happen again each time it comes up.,0
Active Listening,Complaint,My classmate is complaining about something that affects them directly.,Repeat their concern back in your own words before responding.,Apologize briefly and move on to explaining the policy or reasoning.,0
Handling Criticism,Friend's honest opinion,My coworker told me honestly they didn't like something I made.,Assume they just don't understand what you were going for.,Ask what specifically didn't work for them.,1
Teamwork,Unequal recognition,My neighbor gets recognized more than others despite similar effort.,Mention the imbalance to whoever leads recognition decisions.,Work harder to try to get noticed the same way.,0
Teamwork,Uneven workload,My teammate isn't doing their share of the work.,Quietly redo their part yourself so the project doesn't suffer.,Talk to them privately about specific tasks and ask what's going on.,1
Setting Boundaries,Unsolicited advice,My coworker keeps giving advice about a decision that's mine to make.,Nod along and quietly do what you were going to do anyway.,"Thank them for caring, then state clearly you've got it handled.",1
Assertiveness,Last-minute request,My team lead asks me for a last-minute favor I can't really do.,Agree and rearrange your own plans to make it work.,"Say clearly that you can't this time, without a long justification.",1
Nonverbal Communication,Reading the room,I want to tell if my manager wants to keep talking or wrap up.,"Watch for cues like turning away or short answers, and offer an easy exit.",Keep the conversation going until they explicitly say they need to leave.,0
Public Speaking,Recorded presentation,I'm recording a presentation my team lead will watch later.,"Include everything you might normally say live, just in case.",Keep it concise and structured since there's no live back-and-forth.,1
Nonverbal Communication,Tone mismatch,My teammate says they're fine but their tone suggests otherwise.,Take their words at face value and move on.,Gently note the mismatch and ask if they want to talk about it.,1
Making Friends,After a favor,My team lead recently helped me out and I want to build on that.,Thank them specifically and suggest returning the favor sometime.,Assume the favor already made you close and act accordingly.,0
Setting Boundaries,Social media boundary,My teammate tags or posts about me in ways I'm not comfortable with.,Untag yourself quietly each time without saying anything.,Ask them directly to check with you before posting about you.,1
Starting Conversations,Reconnecting casually,I ran into my new employee after a long time and don't know how to start talking again.,Mention something specific you remember about them before asking what's new.,Apologize for being out of touch before saying anything else.,0
Conflict Resolution,Miscommunication,My new employee misunderstood something I said and got upset.,Clarify what you meant calmly and ask how they took it.,Assume it will blow over on its own without addressing it.,0
Making Friends,After a favor,My sibling recently helped me out and I want to build on that.,Assume the favor already made you close and act accordingly.,Thank them specifically and suggest returning the favor sometime.,1
Starting Conversations,Reconnecting casually,I ran into my classmate after a long time and don't know how to start talking again.,Apologize for being out of touch before saying anything else.,Mention something specific you remember about them before asking what's new.,1
Setting Boundaries,Emotional labor,My neighbor relies on me a lot for emotional support.,Keep absorbing it all so they don't feel unsupported.,Support them within limits and encourage other resources too.,1
Setting Boundaries,Unsolicited advice,My cousin keeps giving advice about a decision that's mine to make.,Nod along and quietly do what you were going to do anyway.,"Thank them for caring, then state clearly you've got it handled.",1
Workplace Communication,Giving feedback up,"I need to give feedback to my manager, who is more senior than me.",Wait for them to ask for feedback before offering any.,Frame it around impact and ask if they're open to a suggestion.,1
Nonverbal Communication,Job interview,I have an interview with my new employee and want to make a good impression.,Focus mainly on what to say and not worry about body language.,"Make steady eye contact and sit with an open, relaxed posture.",1
Assertiveness,Price disagreement,I think what my study partner is charging or asking for is too much.,Accept it to avoid an awkward conversation.,Ask directly for the reasoning and mention your expectation.,1
Handling Criticism,Group critique,My close friend criticizes my idea in front of the whole group.,Defend the idea strongly right there to save face.,Respond calmly in the moment and reflect on it more afterward.,1
Assertiveness,Speaking up in group,I disagree with the direction my study partner and the group are taking.,"Voice your concern clearly once, with your reasoning.",Stay quiet since the group already seems to agree.,0
Nonverbal Communication,Tense meeting,My new employee seems tense during a meeting and it's affecting the room.,Match their tense energy so the seriousness is clear.,Keep your own tone calm and open to help ease the tension.,1
Teamwork,Uneven workload,My neighbor isn't doing their share of the work.,Talk to them privately about specific tasks and ask what's going on.,Quietly redo their part yourself so the project doesn't suffer.,0
Setting Boundaries,Financial boundary,My team lead asks to borrow money more often than feels comfortable.,Lend it each time to avoid an uncomfortable conversation.,Set a clear limit and explain it kindly.,1
Teamwork,Silent teammate,My roommate rarely speaks up in team discussions.,Ask for their input directly during discussions.,Let them contribute in writing afterward instead of asking directly.,0
Setting Boundaries,Family expectations,My sibling expects me at every gathering even when I'm exhausted.,Attend every one to avoid a difficult conversation.,Let them know in advance which ones you can make and why.,1
Making Friends,Quiet acquaintance,My classmate is quiet and seems like they'd be a good friend but rarely talks.,Approach them one-on-one and mention something specific you noticed.,Include them in bigger group activities and wait for them to open up.,0
Active Listening,Giving updates,My study partner is giving me a project update I need to fully understand.,Listen loosely since you can always ask questions later if needed.,Take notes and summarize back the key points before responding.,1
Assertiveness,Unreasonable request,My team lead asks for something that isn't reasonable given the timeline.,Explain what's realistic and propose an alternative timeline.,Agree to the timeline and rush to make it work anyway.,0
Setting Boundaries,Unsolicited advice,My old friend keeps giving advice about a decision that's mine to make.,Nod along and quietly do what you were going to do anyway.,"Thank them for caring, then state clearly you've got it handled.",1
Nonverbal Communication,First meeting nerves,I'm nervous meeting my manager and not sure how I'm coming across.,Fill every silence with talking so there's never an awkward pause.,Keep your posture open and let there be some comfortable pauses.,1
Setting Boundaries,Overcommitted,My teammate keeps asking for favors that take up a lot of my time.,Keep saying yes so the relationship doesn't feel strained.,Say yes to what you can genuinely manage and be honest otherwise.,1
Public Speaking,Pitching an idea,I'm pitching an idea to my cousin and want it to land well.,Open with the problem and why it matters before the solution.,Open with every detail of the solution so nothing is missed.,0
Assertiveness,Being interrupted,My study partner keeps interrupting me when I talk.,Stop bringing up points so it doesn't happen again.,"Say calmly, 'I'd like to finish my point,' the next time it happens.",1
Setting Boundaries,Personal questions,My new employee keeps asking about my personal life in ways that feel intrusive.,Answer fully each time so you don't seem unfriendly.,Politely redirect the conversation and keep answers brief.,1
Workplace Communication,Onboarding question,I have a lot of questions as I onboard and don't want to bother my roommate.,Batch your questions and ask them at a natural check-in time.,Avoid asking and try to figure everything out on your own.,0
Active Listening,Emotional topic,My classmate brings up something emotional and I want to respond well.,"Slow down, make eye contact, and let them finish before speaking.",Reassure them quickly that everything will be fine.,0
Conflict Resolution,Miscommunication,My sibling misunderstood something I said and got upset.,Clarify what you meant calmly and ask how they took it.,Assume it will blow over on its own without addressing it.,0
Handling Criticism,Criticism of a decision,My sibling criticizes a decision I already made.,Explain in detail why the decision was the only reasonable option.,"Hear them out and note it for future decisions, even if it's done.",1
Making Friends,New environment,I just started somewhere new with my neighbor and want to build a friendship.,Show consistent interest over time and remember details they share.,Try to befriend the most popular person first to meet others faster.,0
Workplace Communication,Sensitive topic,I need to bring up a sensitive topic with my team lead at work.,Choose a private setting and lead with the specific concern.,Bring it up casually in a group setting to soften it.,0
Making Friends,Shared hobby,My manager likes the same hobby as me and I want to build a friendship.,Message them frequently about the hobby to build common ground fast.,Suggest doing the hobby together at a low-pressure time.,1
Handling Criticism,Criticism of a decision,My manager criticizes a decision I already made.,"Hear them out and note it for future decisions, even if it's done.",Explain in detail why the decision was the only reasonable option.,0
Teamwork,Decision paralysis,My cousin and the team can't decide on next steps.,Propose a clear deadline for the decision and a simple way to choose.,Wait for someone else to take the lead on deciding.,0
Public Speaking,Technical explanation,"I need to explain something technical to my study partner, who isn't familiar with it.",Explain it exactly the way you'd explain it to an expert.,"Start with the simplest version, then add detail if they ask.",1
Assertiveness,Speaking up in group,I disagree with the direction my roommate and the group are taking.,"Voice your concern clearly once, with your reasoning.",Stay quiet since the group already seems to agree.,0
Workplace Communication,Requesting time off,I need to ask my new employee for time off during a busy period.,Ask at the last minute and let them figure out coverage.,Give as much notice as possible and offer a coverage plan.,1
Nonverbal Communication,Video call presence,I'm on a lot of video calls with my cousin and want to seem more engaged.,Keep your camera off so you can focus without distraction.,Look at the camera when speaking and nod occasionally.,1
Empathy,Difficult decision,My coworker is torn over a difficult decision.,Tell them clearly what you think they should do.,Ask questions that help them think it through rather than telling them what to do.,1
Public Speaking,Nervous before presenting,I have to present tomorrow with my coworker in the room and I'm nervous.,Practice out loud a few times and focus on your main message.,Write out the entire speech word for word and read from the page.,0
Active Listening,Emotional topic,My roommate brings up something emotional and I want to respond well.,Reassure them quickly that everything will be fine.,"Slow down, make eye contact, and let them finish before speaking.",1
Public Speaking,Toast or speech,I have to give a toast or speech in front of my sibling and don't know where to start.,Include as many jokes and stories as possible.,"Pick one specific, genuine memory and build the speech around it.",1
Handling Criticism,Written feedback,My mentor left written feedback that's hard to interpret in tone.,Assume the harshest possible tone and respond defensively.,Ask a quick clarifying question rather than assuming the worst tone.,1
Handling Criticism,Public correction,My new employee corrected a mistake I made in front of others.,Correct them back on something minor later to feel even.,Acknowledge the correction calmly and thank them.,1
Teamwork,New teammate,My new employee just joined the team and seems unsure of their role.,Check in directly and walk through how the team works.,Let them observe for a while so they can figure it out on their own.,0
Active Listening,Emotional topic,My mentor brings up something emotional and I want to respond well.,"Slow down, make eye contact, and let them finish before speaking.",Reassure them quickly that everything will be fine.,0
Setting Boundaries,Emotional labor,My cousin relies on me a lot for emotional support.,Keep absorbing it all so they don't feel unsupported.,Support them within limits and encourage other resources too.,1
Making Friends,Reconnecting,I lost touch with my new employee and want to reconnect naturally.,"Send a short, warm message referencing a specific good memory.",Call them and explain in detail why you drifted apart.,0
Active Listening,Differing opinion,My coworker shares an opinion in discussion that's different from mine.,Wait for a pause and then explain why your view is more accurate.,Ask them to explain more before sharing your own view.,1
Conflict Resolution,Broken promise,My mentor didn't follow through on something they promised.,Stop relying on them without saying anything about why.,"Mention it calmly and ask what happened, without assuming the worst.",1
Making Friends,Awkward gap,There's been an awkward gap since I last talked to my team lead.,Apologize extensively for not reaching out sooner.,Reach out casually without over-explaining the gap.,1
Active Listening,Differing opinion,My sibling shares an opinion in discussion that's different from mine.,Wait for a pause and then explain why your view is more accurate.,Ask them to explain more before sharing your own view.,1
Handling Criticism,Public correction,My team lead corrected a mistake I made in front of others.,Acknowledge the correction calmly and thank them.,Correct them back on something minor later to feel even.,0
Nonverbal Communication,Physical distance,My coworker seems to keep more physical distance than usual.,Move closer to make the conversation feel warmer.,Respect the space and let them close the distance if they want to.,1
Workplace Communication,Meeting overload,My classmate keeps scheduling meetings that could be emails.,Attend all of them without raising the issue.,Suggest an async update as an alternative for some of them.,1
Public Speaking,Unexpected question,My manager asks a question during my talk that I don't know the answer to.,Admit you're not sure and offer to follow up after finding out.,Give a general answer that sounds confident either way.,0
Public Speaking,Q&A nerves,I'm worried about freezing up during questions from my team lead.,"Take a breath, repeat the question in your own words, then answer.",Answer as quickly as possible to avoid an awkward silence.,0
Conflict Resolution,Money dispute,My classmate owes me money and hasn't brought it up.,"Bring it up directly but kindly, mentioning the specific amount.",Drop hints about it and hope they take the hint.,0
Making Friends,Shared hobby,My sibling likes the same hobby as me and I want to build a friendship.,Suggest doing the hobby together at a low-pressure time.,Message them frequently about the hobby to build common ground fast.,0
Public Speaking,Pitching an idea,I'm pitching an idea to my manager and want it to land well.,Open with the problem and why it matters before the solution.,Open with every detail of the solution so nothing is missed.,0
Handling Criticism,Group critique,My new employee criticizes my idea in front of the whole group.,Defend the idea strongly right there to save face.,Respond calmly in the moment and reflect on it more afterward.,1
Empathy,Fear of change,My teammate is scared about an upcoming change in their life.,Ask what specifically worries them before offering reassurance.,Tell them there's nothing to worry about and it'll be fine.,0
Empathy,Setback,My team lead didn't get something they really wanted.,Remind them of other good things going on to help them feel better.,Let them express disappointment without rushing to the positives.,1
Handling Criticism,Harsh review,I received a harsh review from my manager that felt more personal than helpful.,Separate the useful points from the tone and ask a focused follow-up.,Dismiss the whole review since the tone felt unfair.,0
Setting Boundaries,Personal questions,My classmate keeps asking about my personal life in ways that feel intrusive.,Politely redirect the conversation and keep answers brief.,Answer fully each time so you don't seem unfriendly.,0
Empathy,Financial stress,My neighbor hints at financial stress without saying it outright.,Offer money right away to solve the problem quickly.,Let them bring it up fully in their own time rather than pressing.,1
Public Speaking,Q&A nerves,I'm worried about freezing up during questions from my neighbor.,"Take a breath, repeat the question in your own words, then answer.",Answer as quickly as possible to avoid an awkward silence.,0
Nonverbal Communication,Physical distance,My close friend seems to keep more physical distance than usual.,Respect the space and let them close the distance if they want to.,Move closer to make the conversation feel warmer.,0
Workplace Communication,Sensitive topic,I need to bring up a sensitive topic with my sibling at work.,Choose a private setting and lead with the specific concern.,Bring it up casually in a group setting to soften it.,0
Conflict Resolution,Group project friction,My old friend and I clash on a shared project.,Split the work in half and avoid talking about the disagreement.,"Propose a short conversation focused only on the project, not personalities.",1
Public Speaking,Impromptu speaking,My teammate asks me to say a few words with no preparation.,"Take a breath, pick one point, and keep it short.",Try to cover everything you can think of on the spot.,0
Teamwork,Conflicting styles,My roommate works very differently from me and it's causing friction.,Talk openly about work styles and agree on a middle ground.,Adjust your own style completely to match theirs.,0
Assertiveness,Speaking up in group,I disagree with the direction my cousin and the group are taking.,Stay quiet since the group already seems to agree.,"Voice your concern clearly once, with your reasoning.",1
Handling Criticism,Public correction,My coworker corrected a mistake I made in front of others.,Acknowledge the correction calmly and thank them.,Correct them back on something minor later to feel even.,0
Conflict Resolution,After an argument,I had an argument with my neighbor and we haven't spoken since.,Wait for them to reach out first since they were more upset.,Reach out and acknowledge the disagreement directly.,1
Workplace Communication,Missed deadline,I realize I'm going to miss a deadline my teammate is expecting.,Wait until the deadline passes and explain afterward.,"Tell them as soon as you know, with a revised timeline.",1
Setting Boundaries,After-hours messages,My mentor keeps messaging me about work late at night.,Let them know you'll respond first thing in the morning unless urgent.,Reply right away every time so they know you're available.,0
Making Friends,Quiet acquaintance,My old friend is quiet and seems like they'd be a good friend but rarely talks.,Include them in bigger group activities and wait for them to open up.,Approach them one-on-one and mention something specific you noticed.,1
Workplace Communication,Missed deadline,I realize I'm going to miss a deadline my old friend is expecting.,Wait until the deadline passes and explain afterward.,"Tell them as soon as you know, with a revised timeline.",1
Empathy,Pre-exam anxiety,My classmate tells me they're anxious about a big test or evaluation.,Ask what part feels hardest and just listen.,Tell them they'll definitely do fine since they usually do.,0
Making Friends,Group outings,I see my manager often in groups but never one-on-one.,Invite them to do something just the two of you.,Talk to everyone equally and let closer bonds form on their own.,0
Handling Criticism,Written feedback,My manager left written feedback that's hard to interpret in tone.,Ask a quick clarifying question rather than assuming the worst tone.,Assume the harshest possible tone and respond defensively.,0
Active Listening,Disagreement in meeting,My team lead is explaining an idea I disagree with in a meeting.,"Let them finish, then ask a clarifying question about the unclear part.",Prepare your counterpoints while they're still talking.,0
Public Speaking,Nervous before presenting,I have to present tomorrow with my teammate in the room and I'm nervous.,Practice out loud a few times and focus on your main message.,Write out the entire speech word for word and read from the page.,0
Starting Conversations,Party small talk,I don't know what to say to my roommate at a party.,Talk mainly about your own week so they get to know you.,Ask what brought them there and follow their lead from there.,1
Conflict Resolution,Credit dispute,My new employee took credit for part of my idea.,Bring it up publicly so others hear the correction at once.,Talk to them privately first and explain how it affected you.,1
Making Friends,Deepening a friendship,I want my friendship with my coworker to feel closer.,Do more favors for them so they feel obligated to get closer.,Share something a bit more personal and see how they respond.,1
Making Friends,Mutual friend,"I want to become friends with my neighbor, who I met through someone else.",Wait until the mutual friend brings you together again.,Reach out directly instead of relying on the mutual friend to connect you.,1
Starting Conversations,Meeting new people,I'm new to a group with my mentor and don't know how to start talking.,"Start with a simple question about what's going on around you, then build on their answer.",Wait for someone to notice you're new and approach you first.,0
Setting Boundaries,Family expectations,My classmate expects me at every gathering even when I'm exhausted.,Attend every one to avoid a difficult conversation.,Let them know in advance which ones you can make and why.,1
Assertiveness,Unfair blame,I got blamed for something that wasn't my fault by my old friend.,"Explain calmly what actually happened, with specifics.",Let it go since bringing it up might seem difficult.,0
Workplace Communication,Missed deadline,I realize I'm going to miss a deadline my sibling is expecting.,"Tell them as soon as you know, with a revised timeline.",Wait until the deadline passes and explain afterward.,0
Assertiveness,Being interrupted,My new employee keeps interrupting me when I talk.,Stop bringing up points so it doesn't happen again.,"Say calmly, 'I'd like to finish my point,' the next time it happens.",1
Making Friends,Quiet acquaintance,My team lead is quiet and seems like they'd be a good friend but rarely talks.,Include them in bigger group activities and wait for them to open up.,Approach them one-on-one and mention something specific you noticed.,1
Setting Boundaries,After-hours messages,My team lead keeps messaging me about work late at night.,Let them know you'll respond first thing in the morning unless urgent.,Reply right away every time so they know you're available.,0
Starting Conversations,Reconnecting casually,I ran into my sibling after a long time and don't know how to start talking again.,Mention something specific you remember about them before asking what's new.,Apologize for being out of touch before saying anything else.,0
Workplace Communication,Asking for more,I want to ask my old friend for a raise or more responsibility.,Mention it casually in passing to keep things low-pressure.,Schedule a dedicated conversation with specific examples ready.,1
Assertiveness,Pressure to conform,My sibling is pressuring me to do something I'm not comfortable with.,Go along with it this once to avoid seeming judgmental.,"Say directly that you're not comfortable with it, without over-explaining.",1
Handling Criticism,Criticism of a decision,My team lead criticizes a decision I already made.,"Hear them out and note it for future decisions, even if it's done.",Explain in detail why the decision was the only reasonable option.,0
Public Speaking,Impromptu speaking,My mentor asks me to say a few words with no preparation.,"Take a breath, pick one point, and keep it short.",Try to cover everything you can think of on the spot.,0
Making Friends,Group outings,I see my sibling often in groups but never one-on-one.,Invite them to do something just the two of you.,Talk to everyone equally and let closer bonds form on their own.,0
Making Friends,Reconnecting,I lost touch with my study partner and want to reconnect naturally.,"Send a short, warm message referencing a specific good memory.",Call them and explain in detail why you drifted apart.,0
Public Speaking,Technical explanation,"I need to explain something technical to my coworker, who isn't familiar with it.",Explain it exactly the way you'd explain it to an expert.,"Start with the simplest version, then add detail if they ask.",1
Empathy,Feeling excluded,My sibling mentions feeling left out of a group.,Tell them they're overreacting and it's probably not personal.,"Validate the feeling before figuring out what, if anything, to do next.",1
Making Friends,Long distance,My team lead moved away and I want to keep the friendship going.,"Set a simple regular way to stay in touch, like a monthly call.",Wait for them to reach out first since they moved.,0
Assertiveness,Disrespected opinion,My cousin dismisses my opinion in front of others.,"Stay quiet in the moment and bring it up much later, if at all.",Restate your point calmly and ask to be heard fully.,1
Assertiveness,Unfair blame,I got blamed for something that wasn't my fault by my neighbor.,"Explain calmly what actually happened, with specifics.",Let it go since bringing it up might seem difficult.,0
Teamwork,Cross-functional friction,My team lead on another team isn't cooperating well with mine.,Escalate to management before trying to talk directly.,Set up a conversation to understand their constraints and priorities.,1
Empathy,Friend's loss,My neighbor just lost a family member and I don't know what to say.,Give them space and wait until they bring it up themselves.,Acknowledge the loss simply and offer to help with something concrete.,1
Active Listening,Casual catch-up,My neighbor is catching me up on their week.,Wait for your turn to talk about your own week.,Ask a couple of specific follow-up questions to show you're engaged.,1
Nonverbal Communication,First meeting nerves,I'm nervous meeting my team lead and not sure how I'm coming across.,Fill every silence with talking so there's never an awkward pause.,Keep your posture open and let there be some comfortable pauses.,1
Making Friends,Shared hobby,My classmate likes the same hobby as me and I want to build a friendship.,Suggest doing the hobby together at a low-pressure time.,Message them frequently about the hobby to build common ground fast.,0
Teamwork,Sharing credit,Our team succeeded mostly because of my teammate's extra effort.,Acknowledge their specific contribution while recognizing the team too.,Present it as a fully equal effort so no one feels singled out.,0
Making Friends,New parent friend,My mentor and I are both new parents and could become friends.,"Suggest a specific low-pressure plan, like a walk with the kids.",Wait until you run into each other again to suggest anything.,0
Making Friends,New environment,I just started somewhere new with my close friend and want to build a friendship.,Show consistent interest over time and remember details they share.,Try to befriend the most popular person first to meet others faster.,0
Setting Boundaries,Family expectations,My teammate expects me at every gathering even when I'm exhausted.,Let them know in advance which ones you can make and why.,Attend every one to avoid a difficult conversation.,0
Handling Criticism,Written feedback,My close friend left written feedback that's hard to interpret in tone.,Ask a quick clarifying question rather than assuming the worst tone.,Assume the harshest possible tone and respond defensively.,0
Public Speaking,Feedback after talk,My old friend gives me feedback on a talk I just gave.,Ask what specifically landed and what didn't.,Explain the choices you made before hearing them out fully.,0
Workplace Communication,Disagreeing with decision,I disagree with a decision my mentor made.,Ask for a private conversation to share your concern.,Bring it up in a group meeting so others can weigh in.,0
Starting Conversations,Group setting,I want to join a conversation my manager is already having with others.,"Listen for a moment, then add something relevant to what's being said.",Wait for a full pause before jumping in with a new topic.,0
Active Listening,Complaint,My old friend is complaining about something that affects them directly.,Repeat their concern back in your own words before responding.,Apologize briefly and move on to explaining the policy or reasoning.,0
Starting Conversations,Elevator moment,I'm stuck in an elevator with my classmate and it's silent.,Stay quiet since small talk in short moments can feel forced.,"Make a light, easy comment about the situation to break the ice.",1
Setting Boundaries,Emotional labor,My coworker relies on me a lot for emotional support.,Support them within limits and encourage other resources too.,Keep absorbing it all so they don't feel unsupported.,0
Starting Conversations,Party small talk,I don't know what to say to my old friend at a party.,Talk mainly about your own week so they get to know you.,Ask what brought them there and follow their lead from there.,1
Workplace Communication,Onboarding question,I have a lot of questions as I onboard and don't want to bother my classmate.,Avoid asking and try to figure everything out on your own.,Batch your questions and ask them at a natural check-in time.,1
Assertiveness,Last-minute request,My roommate asks me for a last-minute favor I can't really do.,"Say clearly that you can't this time, without a long justification.",Agree and rearrange your own plans to make it work.,0
Handling Criticism,Creative project,My team lead criticized a creative project I'm proud of.,Change the project significantly based on this one comment.,Consider which parts resonate with your own doubts and set aside the rest.,1
Workplace Communication,Disagreeing with decision,I disagree with a decision my classmate made.,Ask for a private conversation to share your concern.,Bring it up in a group meeting so others can weigh in.,0
Active Listening,Disagreement in meeting,My sibling is explaining an idea I disagree with in a meeting.,Prepare your counterpoints while they're still talking.,"Let them finish, then ask a clarifying question about the unclear part.",1
Assertiveness,Repeated lateness,My mentor is consistently late when we meet.,Mention it directly and ask if a different time would work better.,Start showing up late yourself so it feels even.,0
Handling Criticism,Unsolicited critique,My new employee critiques something I didn't ask for feedback on.,Thank them briefly and decide later what's actually useful.,Explain why their critique doesn't apply in this case.,0
Setting Boundaries,Financial boundary,My manager asks to borrow money more often than feels comfortable.,Lend it each time to avoid an uncomfortable conversation.,Set a clear limit and explain it kindly.,1
Workplace Communication,Meeting overload,My roommate keeps scheduling meetings that could be emails.,Attend all of them without raising the issue.,Suggest an async update as an alternative for some of them.,1
Making Friends,Deepening a friendship,I want my friendship with my sibling to feel closer.,Do more favors for them so they feel obligated to get closer.,Share something a bit more personal and see how they respond.,1
Assertiveness,Last-minute request,My cousin asks me for a last-minute favor I can't really do.,"Say clearly that you can't this time, without a long justification.",Agree and rearrange your own plans to make it work.,0
Empathy,Setback,My roommate didn't get something they really wanted.,Remind them of other good things going on to help them feel better.,Let them express disappointment without rushing to the positives.,1
Conflict Resolution,Group project friction,My cousin and I clash on a shared project.,Split the work in half and avoid talking about the disagreement.,"Propose a short conversation focused only on the project, not personalities.",1
Empathy,Setback,My study partner didn't get something they really wanted.,Remind them of other good things going on to help them feel better.,Let them express disappointment without rushing to the positives.,1
Active Listening,Emotional topic,My new employee brings up something emotional and I want to respond well.,"Slow down, make eye contact, and let them finish before speaking.",Reassure them quickly that everything will be fine.,0
Active Listening,Complaint,My study partner is complaining about something that affects them directly.,Repeat their concern back in your own words before responding.,Apologize briefly and move on to explaining the policy or reasoning.,0
Workplace Communication,Requesting time off,I need to ask my neighbor for time off during a busy period.,Ask at the last minute and let them figure out coverage.,Give as much notice as possible and offer a coverage plan.,1
Assertiveness,Unwanted plans,My old friend keeps suggesting plans I don't actually want to do.,Say honestly that this activity isn't for you and suggest an alternative.,Keep agreeing and cancel at the last minute instead.,0
Conflict Resolution,Money dispute,My sibling owes me money and hasn't brought it up.,Drop hints about it and hope they take the hint.,"Bring it up directly but kindly, mentioning the specific amount.",1
Active Listening,Upset call,My manager calls me upset and I'm not sure what to say.,Offer solutions quickly so the problem feels handled.,Let them talk it out and ask what happened next instead of jumping to solutions.,1
Assertiveness,Unreasonable request,My cousin asks for something that isn't reasonable given the timeline.,Agree to the timeline and rush to make it work anyway.,Explain what's realistic and propose an alternative timeline.,1
Starting Conversations,Group setting,I want to join a conversation my cousin is already having with others.,"Listen for a moment, then add something relevant to what's being said.",Wait for a full pause before jumping in with a new topic.,0
Empathy,Setback,My teammate didn't get something they really wanted.,Remind them of other good things going on to help them feel better.,Let them express disappointment without rushing to the positives.,1
Active Listening,Feedback session,My close friend is giving me feedback I didn't expect.,Explain your reasoning as soon as a point doesn't sit right with you.,"Listen fully before responding, even if you want to explain yourself.",1
Teamwork,Disagreeing on direction,My roommate and I can't agree on which idea to move forward with.,Suggest listing pros and cons together so the decision feels shared.,Go with whichever idea the more vocal person prefers.,0
Handling Criticism,Creative project,My close friend criticized a creative project I'm proud of.,Consider which parts resonate with your own doubts and set aside the rest.,Change the project significantly based on this one comment.,0
Public Speaking,Unexpected question,My coworker asks a question during my talk that I don't know the answer to.,Admit you're not sure and offer to follow up after finding out.,Give a general answer that sounds confident either way.,0
Handling Criticism,Harsh review,I received a harsh review from my neighbor that felt more personal than helpful.,Separate the useful points from the tone and ask a focused follow-up.,Dismiss the whole review since the tone felt unfair.,0
Nonverbal Communication,Physical distance,My new employee seems to keep more physical distance than usual.,Respect the space and let them close the distance if they want to.,Move closer to make the conversation feel warmer.,0
Empathy,Financial stress,My sibling hints at financial stress without saying it outright.,Let them bring it up fully in their own time rather than pressing.,Offer money right away to solve the problem quickly.,0
Empathy,Bad day,My new employee is clearly having a bad day but hasn't explained why.,Check in gently and let them share as much or as little as they want.,Give them space entirely so they can process it alone.,0
Assertiveness,Being interrupted,My roommate keeps interrupting me when I talk.,"Say calmly, 'I'd like to finish my point,' the next time it happens.",Stop bringing up points so it doesn't happen again.,0
Making Friends,After a favor,My manager recently helped me out and I want to build on that.,Thank them specifically and suggest returning the favor sometime.,Assume the favor already made you close and act accordingly.,0
Public Speaking,Nervous before presenting,I have to present tomorrow with my roommate in the room and I'm nervous.,Write out the entire speech word for word and read from the page.,Practice out loud a few times and focus on your main message.,1
Handling Criticism,Repeated feedback,I keep getting the same feedback from my cousin and others.,Take it as a real signal worth addressing.,Assume it's a coincidence since they don't know each other.,0
Public Speaking,Nervous before presenting,I have to present tomorrow with my team lead in the room and I'm nervous.,Write out the entire speech word for word and read from the page.,Practice out loud a few times and focus on your main message.,1
Teamwork,Cross-functional friction,My cousin on another team isn't cooperating well with mine.,Set up a conversation to understand their constraints and priorities.,Escalate to management before trying to talk directly.,0
Teamwork,Sharing credit,Our team succeeded mostly because of my team lead's extra effort.,Acknowledge their specific contribution while recognizing the team too.,Present it as a fully equal effort so no one feels singled out.,0
Teamwork,New teammate,My mentor just joined the team and seems unsure of their role.,Let them observe for a while so they can figure it out on their own.,Check in directly and walk through how the team works.,1
Making Friends,After a favor,My teammate recently helped me out and I want to build on that.,Thank them specifically and suggest returning the favor sometime.,Assume the favor already made you close and act accordingly.,0
Conflict Resolution,Team disagreement,My old friend and I disagree strongly about how to approach something.,Ask them to explain their reasoning and look for common ground.,Let whoever has more experience decide since they're likely right.,0
Nonverbal Communication,Crossed arms,My new employee has their arms crossed and seems distant.,Mirror their crossed arms so the conversation feels balanced.,Soften your own body language and ask an open question.,1
Starting Conversations,Awkward silence,There's an awkward silence with my classmate and I don't know what to say.,Fill the silence by talking about yourself until it feels less awkward.,Ask an open question about something you both just experienced.,1
Active Listening,Upset call,My teammate calls me upset and I'm not sure what to say.,Offer solutions quickly so the problem feels handled.,Let them talk it out and ask what happened next instead of jumping to solutions.,1
Workplace Communication,Asking for more,I want to ask my manager for a raise or more responsibility.,Schedule a dedicated conversation with specific examples ready.,Mention it casually in passing to keep things low-pressure.,0
Setting Boundaries,Family expectations,My manager expects me at every gathering even when I'm exhausted.,Let them know in advance which ones you can make and why.,Attend every one to avoid a difficult conversation.,0
Empathy,Health scare,My teammate just got concerning medical news.,Immediately research solutions and send them information.,Ask how they're feeling about it and what kind of support they want.,1
Nonverbal Communication,Silent agreement,My mentor nods but seems unsure during a conversation.,Take the nod as full agreement and move on.,Check in directly to see if they actually agree or have concerns.,1
Handling Criticism,Harsh review,I received a harsh review from my coworker that felt more personal than helpful.,Dismiss the whole review since the tone felt unfair.,Separate the useful points from the tone and ask a focused follow-up.,1
Public Speaking,Feedback after talk,My neighbor gives me feedback on a talk I just gave.,Explain the choices you made before hearing them out fully.,Ask what specifically landed and what didn't.,1
Teamwork,Silent teammate,My neighbor rarely speaks up in team discussions.,Ask for their input directly during discussions.,Let them contribute in writing afterward instead of asking directly.,0
Starting Conversations,Elevator moment,I'm stuck in an elevator with my teammate and it's silent.,"Make a light, easy comment about the situation to break the ice.",Stay quiet since small talk in short moments can feel forced.,0
Public Speaking,Q&A nerves,I'm worried about freezing up during questions from my cousin.,Answer as quickly as possible to avoid an awkward silence.,"Take a breath, repeat the question in your own words, then answer.",1
Public Speaking,Feedback after talk,My mentor gives me feedback on a talk I just gave.,Ask what specifically landed and what didn't.,Explain the choices you made before hearing them out fully.,0
Making Friends,New environment,I just started somewhere new with my manager and want to build a friendship.,Try to befriend the most popular person first to meet others faster.,Show consistent interest over time and remember details they share.,1
Empathy,Fear of change,My study partner is scared about an upcoming change in their life.,Ask what specifically worries them before offering reassurance.,Tell them there's nothing to worry about and it'll be fine.,0
Handling Criticism,Friend's honest opinion,My sibling told me honestly they didn't like something I made.,Assume they just don't understand what you were going for.,Ask what specifically didn't work for them.,1
Handling Criticism,Manager feedback,My roommate gave me critical feedback on something I worked hard on.,Explain the reasons behind your choices before agreeing to change anything.,Thank them for the feedback and ask a specific question about improving.,1
Conflict Resolution,Shared space,My manager keeps leaving a mess and it's bothering me.,Bring it up calmly in person and suggest a system that works for both of you.,Leave it as is until they notice the problem themselves.,0
Active Listening,Upset call,My study partner calls me upset and I'm not sure what to say.,Offer solutions quickly so the problem feels handled.,Let them talk it out and ask what happened next instead of jumping to solutions.,1
Active Listening,Friend venting,My teammate is venting to me about a hard day.,Share a similar hard day you had so they know you understand.,Put distractions away and ask a follow-up question before offering advice.,1
Setting Boundaries,Financial boundary,My classmate asks to borrow money more often than feels comfortable.,Set a clear limit and explain it kindly.,Lend it each time to avoid an uncomfortable conversation.,0
Workplace Communication,Cross-team request,I need something from my neighbor on another team that isn't their priority.,Follow up frequently until they get to it.,Explain clearly why it matters and ask what timeline works.,1
Teamwork,Decision paralysis,My classmate and the team can't decide on next steps.,Wait for someone else to take the lead on deciding.,Propose a clear deadline for the decision and a simple way to choose.,1
Handling Criticism,Performance review,My cousin gave me a performance review lower than expected.,Ask for specific examples so you understand exactly what to improve.,Push back on the rating before hearing the full explanation.,0
Nonverbal Communication,Distracted listener,My close friend seems distracted while I'm talking to them.,Keep talking at the same pace regardless.,Pause briefly and check in before continuing.,1
Starting Conversations,Event mingling,I'm at an event where my neighbor is and I want to start a conversation.,"Comment on something shared in the moment, like the event itself.",Stand near them and wait until they start talking to you.,0
Teamwork,Missed deadline,My classmate missed a deadline that affected the whole team.,Ask what happened and work together on a recovery plan.,Point out the missed deadline in front of the team.,0
Assertiveness,Overloaded schedule,My roommate keeps adding to my workload without checking capacity.,Take on everything without comment and try to work faster.,State clearly what's already on your plate and ask them to help prioritize.,1
Handling Criticism,Creative project,My roommate criticized a creative project I'm proud of.,Change the project significantly based on this one comment.,Consider which parts resonate with your own doubts and set aside the rest.,1
Teamwork,New teammate,My coworker just joined the team and seems unsure of their role.,Check in directly and walk through how the team works.,Let them observe for a while so they can figure it out on their own.,0
Teamwork,Decision paralysis,My roommate and the team can't decide on next steps.,Propose a clear deadline for the decision and a simple way to choose.,Wait for someone else to take the lead on deciding.,0
Empathy,Health scare,My cousin just got concerning medical news.,Immediately research solutions and send them information.,Ask how they're feeling about it and what kind of support they want.,1
Public Speaking,Losing the audience,I notice my roommate and others checking their phones while I present.,"Pause, ask a quick question to re-engage the room, then continue.",Speak faster to get through the remaining content.,0
Nonverbal Communication,Tense meeting,My close friend seems tense during a meeting and it's affecting the room.,Keep your own tone calm and open to help ease the tension.,Match their tense energy so the seriousness is clear.,0
Workplace Communication,Sensitive topic,I need to bring up a sensitive topic with my roommate at work.,Choose a private setting and lead with the specific concern.,Bring it up casually in a group setting to soften it.,0
Workplace Communication,Onboarding question,I have a lot of questions as I onboard and don't want to bother my close friend.,Batch your questions and ask them at a natural check-in time.,Avoid asking and try to figure everything out on your own.,0
Starting Conversations,New coworker,My old friend just joined and I want to introduce myself well.,Give them a long rundown of how everything works before they've settled in.,Introduce yourself briefly and ask one easy question about their first days.,1
Setting Boundaries,Time boundary,My roommate tends to run long in conversations when I have limited time.,Let them know upfront how much time you have.,Let the conversation run long to avoid seeming rude.,0
Assertiveness,Overloaded schedule,My team lead keeps adding to my workload without checking capacity.,State clearly what's already on your plate and ask them to help prioritize.,Take on everything without comment and try to work faster.,0
Handling Criticism,Group critique,My cousin criticizes my idea in front of the whole group.,Respond calmly in the moment and reflect on it more afterward.,Defend the idea strongly right there to save face.,0
Workplace Communication,Disagreeing publicly,My manager says something inaccurate in a meeting with others present.,Note it calmly in the meeting or follow up privately after.,Correct them firmly in front of everyone right away.,0
Handling Criticism,Manager feedback,My manager gave me critical feedback on something I worked hard on.,Thank them for the feedback and ask a specific question about improving.,Explain the reasons behind your choices before agreeing to change anything.,0
Conflict Resolution,Shared space,My study partner keeps leaving a mess and it's bothering me.,Bring it up calmly in person and suggest a system that works for both of you.,Leave it as is until they notice the problem themselves.,0
Making Friends,New parent friend,My neighbor and I are both new parents and could become friends.,Wait until you run into each other again to suggest anything.,"Suggest a specific low-pressure plan, like a walk with the kids.",1
Nonverbal Communication,Distracted listener,My manager seems distracted while I'm talking to them.,Pause briefly and check in before continuing.,Keep talking at the same pace regardless.,0
Public Speaking,Technical explanation,"I need to explain something technical to my mentor, who isn't familiar with it.","Start with the simplest version, then add detail if they ask.",Explain it exactly the way you'd explain it to an expert.,0
Active Listening,Emotional topic,My neighbor brings up something emotional and I want to respond well.,Reassure them quickly that everything will be fine.,"Slow down, make eye contact, and let them finish before speaking.",1
Nonverbal Communication,Comforting someone,My manager is upset and I want to comfort them without words getting in the way.,"Sit close, keep an open posture, and let your presence show support.",Talk continuously to fill the silence.,0
Handling Criticism,Public correction,My teammate corrected a mistake I made in front of others.,Acknowledge the correction calmly and thank them.,Correct them back on something minor later to feel even.,0
Empathy,Feeling excluded,My old friend mentions feeling left out of a group.,"Validate the feeling before figuring out what, if anything, to do next.",Tell them they're overreacting and it's probably not personal.,0
Starting Conversations,New coworker,My coworker just joined and I want to introduce myself well.,Give them a long rundown of how everything works before they've settled in.,Introduce yourself briefly and ask one easy question about their first days.,1
Handling Criticism,Creative project,My manager criticized a creative project I'm proud of.,Change the project significantly based on this one comment.,Consider which parts resonate with your own doubts and set aside the rest.,1
Workplace Communication,Difficult email,I need to email my manager about a mistake that affected me.,State the issue factually and propose next steps.,Cc other people right away so the issue is taken seriously.,0
Assertiveness,Price disagreement,I think what my coworker is charging or asking for is too much.,Ask directly for the reasoning and mention your expectation.,Accept it to avoid an awkward conversation.,0
Making Friends,Deepening a friendship,I want my friendship with my mentor to feel closer.,Do more favors for them so they feel obligated to get closer.,Share something a bit more personal and see how they respond.,1
Handling Criticism,Unsolicited critique,My cousin critiques something I didn't ask for feedback on.,Thank them briefly and decide later what's actually useful.,Explain why their critique doesn't apply in this case.,0
Assertiveness,Disrespected opinion,My classmate dismisses my opinion in front of others.,Restate your point calmly and ask to be heard fully.,"Stay quiet in the moment and bring it up much later, if at all.",0
Handling Criticism,Criticism of a decision,My neighbor criticizes a decision I already made.,"Hear them out and note it for future decisions, even if it's done.",Explain in detail why the decision was the only reasonable option.,0
Starting Conversations,Group setting,I want to join a conversation my study partner is already having with others.,Wait for a full pause before jumping in with a new topic.,"Listen for a moment, then add something relevant to what's being said.",1
Teamwork,Unequal recognition,My teammate gets recognized more than others despite similar effort.,Work harder to try to get noticed the same way.,Mention the imbalance to whoever leads recognition decisions.,1
Handling Criticism,Harsh review,I received a harsh review from my new employee that felt more personal than helpful.,Dismiss the whole review since the tone felt unfair.,Separate the useful points from the tone and ask a focused follow-up.,1
Making Friends,Reconnecting,I lost touch with my manager and want to reconnect naturally.,"Send a short, warm message referencing a specific good memory.",Call them and explain in detail why you drifted apart.,0
Teamwork,Missed deadline,My old friend missed a deadline that affected the whole team.,Point out the missed deadline in front of the team.,Ask what happened and work together on a recovery plan.,1
Public Speaking,Unexpected question,My cousin asks a question during my talk that I don't know the answer to.,Give a general answer that sounds confident either way.,Admit you're not sure and offer to follow up after finding out.,1
Making Friends,New city,I moved somewhere new and want to build a friendship with my sibling.,Suggest a regular low-key activity together so contact becomes natural.,Attend as many one-off events with them as possible.,0
Nonverbal Communication,Crossed arms,My neighbor has their arms crossed and seems distant.,Mirror their crossed arms so the conversation feels balanced.,Soften your own body language and ask an open question.,1
Active Listening,Complaint,My mentor is complaining about something that affects them directly.,Apologize briefly and move on to explaining the policy or reasoning.,Repeat their concern back in your own words before responding.,1
Empathy,Pre-exam anxiety,My neighbor tells me they're anxious about a big test or evaluation.,Tell them they'll definitely do fine since they usually do.,Ask what part feels hardest and just listen.,1
Empathy,Financial stress,My teammate hints at financial stress without saying it outright.,Let them bring it up fully in their own time rather than pressing.,Offer money right away to solve the problem quickly.,0
Setting Boundaries,Borrowed items,My roommate borrows things and often returns them late or damaged.,Tell them directly what you need going forward.,Stop mentioning it and quietly avoid lending to them again.,0
Nonverbal Communication,Tone mismatch,My mentor says they're fine but their tone suggests otherwise.,Take their words at face value and move on.,Gently note the mismatch and ask if they want to talk about it.,1
Conflict Resolution,Public disagreement,My mentor disagreed with me in front of others.,Stay calm in the moment and follow up with them privately after.,Push back just as strongly in front of the same group.,0
Nonverbal Communication,Tense meeting,My teammate seems tense during a meeting and it's affecting the room.,Match their tense energy so the seriousness is clear.,Keep your own tone calm and open to help ease the tension.,1
Public Speaking,Nervous before presenting,I have to present tomorrow with my sibling in the room and I'm nervous.,Write out the entire speech word for word and read from the page.,Practice out loud a few times and focus on your main message.,1
Assertiveness,Speaking up in group,I disagree with the direction my old friend and the group are taking.,"Voice your concern clearly once, with your reasoning.",Stay quiet since the group already seems to agree.,0
Public Speaking,Technical explanation,"I need to explain something technical to my cousin, who isn't familiar with it.",Explain it exactly the way you'd explain it to an expert.,"Start with the simplest version, then add detail if they ask.",1
Setting Boundaries,Space boundary,My new employee drops by unannounced more than I'd like.,Let it continue and just seem busy when they show up.,Ask them kindly to check in before coming over.,1
Handling Criticism,Written feedback,My classmate left written feedback that's hard to interpret in tone.,Ask a quick clarifying question rather than assuming the worst tone.,Assume the harshest possible tone and respond defensively.,0
Conflict Resolution,Miscommunication,My cousin misunderstood something I said and got upset.,Assume it will blow over on its own without addressing it.,Clarify what you meant calmly and ask how they took it.,1
Conflict Resolution,Boundary crossed,My mentor crossed a line I hadn't clearly stated before.,Explain the boundary clearly now and how you'd like things to go forward.,Stay upset internally but not bring it up since you hadn't said it before.,0
Setting Boundaries,Personal questions,My coworker keeps asking about my personal life in ways that feel intrusive.,Answer fully each time so you don't seem unfriendly.,Politely redirect the conversation and keep answers brief.,1
Making Friends,Shared hobby,My study partner likes the same hobby as me and I want to build a friendship.,Message them frequently about the hobby to build common ground fast.,Suggest doing the hobby together at a low-pressure time.,1
Conflict Resolution,Group project friction,My study partner and I clash on a shared project.,"Propose a short conversation focused only on the project, not personalities.",Split the work in half and avoid talking about the disagreement.,0
Nonverbal Communication,Distracted listener,My mentor seems distracted while I'm talking to them.,Pause briefly and check in before continuing.,Keep talking at the same pace regardless.,0
Making Friends,New city,I moved somewhere new and want to build a friendship with my neighbor.,Attend as many one-off events with them as possible.,Suggest a regular low-key activity together so contact becomes natural.,1
Handling Criticism,Creative project,My mentor criticized a creative project I'm proud of.,Change the project significantly based on this one comment.,Consider which parts resonate with your own doubts and set aside the rest.,1
Public Speaking,Status update,I need to give my sibling a short status update on my work.,"Lead with the headline result, then add detail only if asked.",Walk through the process step by step in the order it happened.,0
Conflict Resolution,Boundary crossed,My team lead crossed a line I hadn't clearly stated before.,Explain the boundary clearly now and how you'd like things to go forward.,Stay upset internally but not bring it up since you hadn't said it before.,0
Nonverbal Communication,Tone mismatch,My coworker says they're fine but their tone suggests otherwise.,Gently note the mismatch and ask if they want to talk about it.,Take their words at face value and move on.,0
Active Listening,Giving updates,My team lead is giving me a project update I need to fully understand.,Take notes and summarize back the key points before responding.,Listen loosely since you can always ask questions later if needed.,0
Public Speaking,Unexpected question,My study partner asks a question during my talk that I don't know the answer to.,Admit you're not sure and offer to follow up after finding out.,Give a general answer that sounds confident either way.,0
Public Speaking,Recorded presentation,I'm recording a presentation my sibling will watch later.,Keep it concise and structured since there's no live back-and-forth.,"Include everything you might normally say live, just in case.",0
Setting Boundaries,Repeated favors,My team lead keeps asking for the same favor without offering anything back.,Keep helping without saying anything about the imbalance.,Mention the pattern directly and see if something can change.,1
Empathy,Friend's loss,My study partner just lost a family member and I don't know what to say.,Acknowledge the loss simply and offer to help with something concrete.,Give them space and wait until they bring it up themselves.,0
Assertiveness,Price disagreement,I think what my neighbor is charging or asking for is too much.,Ask directly for the reasoning and mention your expectation.,Accept it to avoid an awkward conversation.,0
Empathy,Friend's loss,My roommate just lost a family member and I don't know what to say.,Give them space and wait until they bring it up themselves.,Acknowledge the loss simply and offer to help with something concrete.,1
Workplace Communication,Disagreeing publicly,My cousin says something inaccurate in a meeting with others present.,Correct them firmly in front of everyone right away.,Note it calmly in the meeting or follow up privately after.,1
Public Speaking,Pitching an idea,I'm pitching an idea to my new employee and want it to land well.,Open with the problem and why it matters before the solution.,Open with every detail of the solution so nothing is missed.,0
Empathy,Friend's loss,My cousin just lost a family member and I don't know what to say.,Give them space and wait until they bring it up themselves.,Acknowledge the loss simply and offer to help with something concrete.,1
Empathy,Financial stress,My team lead hints at financial stress without saying it outright.,Let them bring it up fully in their own time rather than pressing.,Offer money right away to solve the problem quickly.,0
Setting Boundaries,Financial boundary,My close friend asks to borrow money more often than feels comfortable.,Lend it each time to avoid an uncomfortable conversation.,Set a clear limit and explain it kindly.,1
Conflict Resolution,Broken promise,My classmate didn't follow through on something they promised.,"Mention it calmly and ask what happened, without assuming the worst.",Stop relying on them without saying anything about why.,0
Active Listening,Giving updates,My old friend is giving me a project update I need to fully understand.,Listen loosely since you can always ask questions later if needed.,Take notes and summarize back the key points before responding.,1
Setting Boundaries,Repeated favors,My mentor keeps asking for the same favor without offering anything back.,Keep helping without saying anything about the imbalance.,Mention the pattern directly and see if something can change.,1
Assertiveness,Last-minute request,My study partner asks me for a last-minute favor I can't really do.,Agree and rearrange your own plans to make it work.,"Say clearly that you can't this time, without a long justification.",1
Making Friends,Quiet acquaintance,My cousin is quiet and seems like they'd be a good friend but rarely talks.,Approach them one-on-one and mention something specific you noticed.,Include them in bigger group activities and wait for them to open up.,0
Setting Boundaries,Financial boundary,My neighbor asks to borrow money more often than feels comfortable.,Set a clear limit and explain it kindly.,Lend it each time to avoid an uncomfortable conversation.,0
Public Speaking,Unexpected question,My team lead asks a question during my talk that I don't know the answer to.,Give a general answer that sounds confident either way.,Admit you're not sure and offer to follow up after finding out.,1
Teamwork,Uneven workload,My classmate isn't doing their share of the work.,Talk to them privately about specific tasks and ask what's going on.,Quietly redo their part yourself so the project doesn't suffer.,0
Public Speaking,Speaking to a large group,I'm nervous speaking to a room that includes my teammate and many others.,Pick one or two friendly faces in the room to speak toward.,Avoid eye contact so you don't get more nervous.,0
Handling Criticism,Vague criticism,My teammate gives criticism that's vague and hard to act on.,Guess at what they meant and adjust based on that guess.,Ask for a specific example to understand what they mean.,1
Conflict Resolution,Shared space,My coworker keeps leaving a mess and it's bothering me.,Leave it as is until they notice the problem themselves.,Bring it up calmly in person and suggest a system that works for both of you.,1
Conflict Resolution,Shared space,My old friend keeps leaving a mess and it's bothering me.,Leave it as is until they notice the problem themselves.,Bring it up calmly in person and suggest a system that works for both of you.,1
Empathy,Public embarrassment,My old friend did something embarrassing in front of others.,"Help them move past it with a light, kind comment.",Pretend not to notice so they don't feel more embarrassed.,0
Setting Boundaries,Personal questions,My close friend keeps asking about my personal life in ways that feel intrusive.,Politely redirect the conversation and keep answers brief.,Answer fully each time so you don't seem unfriendly.,0
Assertiveness,Unreasonable request,My old friend asks for something that isn't reasonable given the timeline.,Explain what's realistic and propose an alternative timeline.,Agree to the timeline and rush to make it work anyway.,0
Conflict Resolution,Money dispute,My old friend owes me money and hasn't brought it up.,"Bring it up directly but kindly, mentioning the specific amount.",Drop hints about it and hope they take the hint.,0
Assertiveness,Overloaded schedule,My cousin keeps adding to my workload without checking capacity.,Take on everything without comment and try to work faster.,State clearly what's already on your plate and ask them to help prioritize.,1
Conflict Resolution,Credit dispute,My neighbor took credit for part of my idea.,Bring it up publicly so others hear the correction at once.,Talk to them privately first and explain how it affected you.,1
Assertiveness,Pressure to conform,My cousin is pressuring me to do something I'm not comfortable with.,Go along with it this once to avoid seeming judgmental.,"Say directly that you're not comfortable with it, without over-explaining.",1
Making Friends,New environment,I just started somewhere new with my teammate and want to build a friendship.,Show consistent interest over time and remember details they share.,Try to befriend the most popular person first to meet others faster.,0
Starting Conversations,Party small talk,I don't know what to say to my sibling at a party.,Talk mainly about your own week so they get to know you.,Ask what brought them there and follow their lead from there.,1
Nonverbal Communication,Video call presence,I'm on a lot of video calls with my classmate and want to seem more engaged.,Keep your camera off so you can focus without distraction.,Look at the camera when speaking and nod occasionally.,1
Teamwork,Uneven workload,My coworker isn't doing their share of the work.,Talk to them privately about specific tasks and ask what's going on.,Quietly redo their part yourself so the project doesn't suffer.,0
Nonverbal Communication,Group photo moment,I want to seem approachable to my old friend in a group setting.,Stand slightly apart so you don't seem like you're intruding.,Keep an open stance and make brief eye contact with people as they talk.,1
Conflict Resolution,Broken promise,My close friend didn't follow through on something they promised.,Stop relying on them without saying anything about why.,"Mention it calmly and ask what happened, without assuming the worst.",1
Conflict Resolution,Repeated issue,My manager and I keep having the same argument about the same thing.,Bring up every past instance to show the pattern clearly.,Sit down outside the heated moment and agree on a clear plan.,1
Active Listening,Emotional topic,My manager brings up something emotional and I want to respond well.,"Slow down, make eye contact, and let them finish before speaking.",Reassure them quickly that everything will be fine.,0
Workplace Communication,Meeting overload,My coworker keeps scheduling meetings that could be emails.,Attend all of them without raising the issue.,Suggest an async update as an alternative for some of them.,1
Nonverbal Communication,First meeting nerves,I'm nervous meeting my cousin and not sure how I'm coming across.,Fill every silence with talking so there's never an awkward pause.,Keep your posture open and let there be some comfortable pauses.,1
Handling Criticism,Repeated feedback,I keep getting the same feedback from my sibling and others.,Assume it's a coincidence since they don't know each other.,Take it as a real signal worth addressing.,1
Making Friends,New environment,I just started somewhere new with my old friend and want to build a friendship.,Show consistent interest over time and remember details they share.,Try to befriend the most popular person first to meet others faster.,0
Teamwork,Remote coordination,Communication with my sibling keeps slipping through the cracks remotely.,Send more frequent individual messages to make sure nothing is missed.,Propose a short regular check-in and a shared doc for updates.,1
Teamwork,Group decision fatigue,My mentor and the team keep re-deciding the same thing.,Suggest documenting the decision once it's made so it sticks.,Let the discussion happen again each time it comes up.,0
Nonverbal Communication,Silent agreement,My study partner nods but seems unsure during a conversation.,Check in directly to see if they actually agree or have concerns.,Take the nod as full agreement and move on.,0
Teamwork,Cross-functional friction,My old friend on another team isn't cooperating well with mine.,Escalate to management before trying to talk directly.,Set up a conversation to understand their constraints and priorities.,1
Handling Criticism,Criticism of a decision,My close friend criticizes a decision I already made.,"Hear them out and note it for future decisions, even if it's done.",Explain in detail why the decision was the only reasonable option.,0
Active Listening,Friend venting,My neighbor is venting to me about a hard day.,Share a similar hard day you had so they know you understand.,Put distractions away and ask a follow-up question before offering advice.,1
Workplace Communication,Cross-team request,I need something from my study partner on another team that isn't their priority.,Explain clearly why it matters and ask what timeline works.,Follow up frequently until they get to it.,0
Empathy,Difficult decision,My new employee is torn over a difficult decision.,Ask questions that help them think it through rather than telling them what to do.,Tell them clearly what you think they should do.,0
Nonverbal Communication,Video call presence,I'm on a lot of video calls with my study partner and want to seem more engaged.,Look at the camera when speaking and nod occasionally.,Keep your camera off so you can focus without distraction.,0
Conflict Resolution,Miscommunication,My mentor misunderstood something I said and got upset.,Clarify what you meant calmly and ask how they took it.,Assume it will blow over on its own without addressing it.,0
Starting Conversations,Awkward silence,There's an awkward silence with my old friend and I don't know what to say.,Ask an open question about something you both just experienced.,Fill the silence by talking about yourself until it feels less awkward.,0
Empathy,Difficult decision,My manager is torn over a difficult decision.,Tell them clearly what you think they should do.,Ask questions that help them think it through rather than telling them what to do.,1
Conflict Resolution,Public disagreement,My teammate disagreed with me in front of others.,Push back just as strongly in front of the same group.,Stay calm in the moment and follow up with them privately after.,1
Setting Boundaries,Unsolicited advice,My sibling keeps giving advice about a decision that's mine to make.,"Thank them for caring, then state clearly you've got it handled.",Nod along and quietly do what you were going to do anyway.,0
Public Speaking,Toast or speech,I have to give a toast or speech in front of my teammate and don't know where to start.,Include as many jokes and stories as possible.,"Pick one specific, genuine memory and build the speech around it.",1
Public Speaking,Toast or speech,I have to give a toast or speech in front of my manager and don't know where to start.,Include as many jokes and stories as possible.,"Pick one specific, genuine memory and build the speech around it.",1
Active Listening,Important news,My cousin is telling me something important and I keep getting distracted.,Repeat back the main point to make sure you understood it.,Nod along while thinking about how you'll respond.,0
Teamwork,Cross-functional friction,My coworker on another team isn't cooperating well with mine.,Escalate to management before trying to talk directly.,Set up a conversation to understand their constraints and priorities.,1
Empathy,Fear of change,My new employee is scared about an upcoming change in their life.,Tell them there's nothing to worry about and it'll be fine.,Ask what specifically worries them before offering reassurance.,1
Active Listening,Important news,My coworker is telling me something important and I keep getting distracted.,Repeat back the main point to make sure you understood it.,Nod along while thinking about how you'll respond.,0
Starting Conversations,Group setting,I want to join a conversation my old friend is already having with others.,Wait for a full pause before jumping in with a new topic.,"Listen for a moment, then add something relevant to what's being said.",1
Active Listening,Upset call,My coworker calls me upset and I'm not sure what to say.,Offer solutions quickly so the problem feels handled.,Let them talk it out and ask what happened next instead of jumping to solutions.,1
Empathy,Feeling excluded,My mentor mentions feeling left out of a group.,"Validate the feeling before figuring out what, if anything, to do next.",Tell them they're overreacting and it's probably not personal.,0
Teamwork,New teammate,My study partner just joined the team and seems unsure of their role.,Check in directly and walk through how the team works.,Let them observe for a while so they can figure it out on their own.,0
Teamwork,Cross-functional friction,My roommate on another team isn't cooperating well with mine.,Set up a conversation to understand their constraints and priorities.,Escalate to management before trying to talk directly.,0
Teamwork,Cross-functional friction,My teammate on another team isn't cooperating well with mine.,Escalate to management before trying to talk directly.,Set up a conversation to understand their constraints and priorities.,1
Assertiveness,Being interrupted,My mentor keeps interrupting me when I talk.,Stop bringing up points so it doesn't happen again.,"Say calmly, 'I'd like to finish my point,' the next time it happens.",1
Assertiveness,Pressure to conform,My close friend is pressuring me to do something I'm not comfortable with.,"Say directly that you're not comfortable with it, without over-explaining.",Go along with it this once to avoid seeming judgmental.,0
Making Friends,Group outings,I see my neighbor often in groups but never one-on-one.,Invite them to do something just the two of you.,Talk to everyone equally and let closer bonds form on their own.,0
Active Listening,Friend venting,My new employee is venting to me about a hard day.,Put distractions away and ask a follow-up question before offering advice.,Share a similar hard day you had so they know you understand.,0
Active Listening,Giving updates,My neighbor is giving me a project update I need to fully understand.,Take notes and summarize back the key points before responding.,Listen loosely since you can always ask questions later if needed.,0
Active Listening,Disagreement in meeting,My study partner is explaining an idea I disagree with in a meeting.,Prepare your counterpoints while they're still talking.,"Let them finish, then ask a clarifying question about the unclear part.",1
Conflict Resolution,Repeated issue,My teammate and I keep having the same argument about the same thing.,Sit down outside the heated moment and agree on a clear plan.,Bring up every past instance to show the pattern clearly.,0
Nonverbal Communication,Crossed arms,My teammate has their arms crossed and seems distant.,Mirror their crossed arms so the conversation feels balanced.,Soften your own body language and ask an open question.,1
Empathy,Public embarrassment,My mentor did something embarrassing in front of others.,"Help them move past it with a light, kind comment.",Pretend not to notice so they don't feel more embarrassed.,0
Assertiveness,Being interrupted,My close friend keeps interrupting me when I talk.,"Say calmly, 'I'd like to finish my point,' the next time it happens.",Stop bringing up points so it doesn't happen again.,0
Nonverbal Communication,First meeting nerves,I'm nervous meeting my sibling and not sure how I'm coming across.,Keep your posture open and let there be some comfortable pauses.,Fill every silence with talking so there's never an awkward pause.,0
Starting Conversations,Meeting new people,I'm new to a group with my new employee and don't know how to start talking.,"Start with a simple question about what's going on around you, then build on their answer.",Wait for someone to notice you're new and approach you first.,0
Active Listening,Important news,My neighbor is telling me something important and I keep getting distracted.,Repeat back the main point to make sure you understood it.,Nod along while thinking about how you'll respond.,0
Active Listening,Upset call,My cousin calls me upset and I'm not sure what to say.,Let them talk it out and ask what happened next instead of jumping to solutions.,Offer solutions quickly so the problem feels handled.,0
Empathy,Public embarrassment,My new employee did something embarrassing in front of others.,"Help them move past it with a light, kind comment.",Pretend not to notice so they don't feel more embarrassed.,0
Conflict Resolution,Boundary crossed,My manager crossed a line I hadn't clearly stated before.,Explain the boundary clearly now and how you'd like things to go forward.,Stay upset internally but not bring it up since you hadn't said it before.,0
Empathy,Difficult decision,My study partner is torn over a difficult decision.,Tell them clearly what you think they should do.,Ask questions that help them think it through rather than telling them what to do.,1
Setting Boundaries,Family expectations,My cousin expects me at every gathering even when I'm exhausted.,Attend every one to avoid a difficult conversation.,Let them know in advance which ones you can make and why.,1
Workplace Communication,Disagreeing publicly,My mentor says something inaccurate in a meeting with others present.,Note it calmly in the meeting or follow up privately after.,Correct them firmly in front of everyone right away.,0
Setting Boundaries,After-hours messages,My teammate keeps messaging me about work late at night.,Reply right away every time so they know you're available.,Let them know you'll respond first thing in the morning unless urgent.,1
Workplace Communication,Giving feedback up,"I need to give feedback to my mentor, who is more senior than me.",Wait for them to ask for feedback before offering any.,Frame it around impact and ask if they're open to a suggestion.,1
Handling Criticism,Group critique,My coworker criticizes my idea in front of the whole group.,Respond calmly in the moment and reflect on it more afterward.,Defend the idea strongly right there to save face.,0
Workplace Communication,Requesting time off,I need to ask my teammate for time off during a busy period.,Ask at the last minute and let them figure out coverage.,Give as much notice as possible and offer a coverage plan.,1
Active Listening,Feedback session,My classmate is giving me feedback I didn't expect.,Explain your reasoning as soon as a point doesn't sit right with you.,"Listen fully before responding, even if you want to explain yourself.",1
Conflict Resolution,Repeated issue,My roommate and I keep having the same argument about the same thing.,Bring up every past instance to show the pattern clearly.,Sit down outside the heated moment and agree on a clear plan.,1
Active Listening,Friend venting,My close friend is venting to me about a hard day.,Put distractions away and ask a follow-up question before offering advice.,Share a similar hard day you had so they know you understand.,0
Starting Conversations,New coworker,My new employee just joined and I want to introduce myself well.,Give them a long rundown of how everything works before they've settled in.,Introduce yourself briefly and ask one easy question about their first days.,1
Handling Criticism,Group critique,My manager criticizes my idea in front of the whole group.,Respond calmly in the moment and reflect on it more afterward.,Defend the idea strongly right there to save face.,0
Conflict Resolution,Shared space,My close friend keeps leaving a mess and it's bothering me.,Bring it up calmly in person and suggest a system that works for both of you.,Leave it as is until they notice the problem themselves.,0
Workplace Communication,Sensitive topic,I need to bring up a sensitive topic with my new employee at work.,Bring it up casually in a group setting to soften it.,Choose a private setting and lead with the specific concern.,1
Nonverbal Communication,Comforting someone,My study partner is upset and I want to comfort them without words getting in the way.,"Sit close, keep an open posture, and let your presence show support.",Talk continuously to fill the silence.,0
Public Speaking,Pitching an idea,I'm pitching an idea to my teammate and want it to land well.,Open with every detail of the solution so nothing is missed.,Open with the problem and why it matters before the solution.,1
Workplace Communication,Asking for more,I want to ask my study partner for a raise or more responsibility.,Mention it casually in passing to keep things low-pressure.,Schedule a dedicated conversation with specific examples ready.,1
Active Listening,Friend venting,My classmate is venting to me about a hard day.,Put distractions away and ask a follow-up question before offering advice.,Share a similar hard day you had so they know you understand.,0
Empathy,Comparing struggles,My cousin is struggling with something I've been through myself.,Focus on their specific experience rather than comparing to your own.,Share your own story in detail since it might help them relate.,0
Handling Criticism,Manager feedback,My mentor gave me critical feedback on something I worked hard on.,Explain the reasons behind your choices before agreeing to change anything.,Thank them for the feedback and ask a specific question about improving.,1
Public Speaking,Losing the audience,I notice my mentor and others checking their phones while I present.,"Pause, ask a quick question to re-engage the room, then continue.",Speak faster to get through the remaining content.,0
Handling Criticism,Harsh review,I received a harsh review from my teammate that felt more personal than helpful.,Separate the useful points from the tone and ask a focused follow-up.,Dismiss the whole review since the tone felt unfair.,0
Making Friends,Group outings,I see my roommate often in groups but never one-on-one.,Talk to everyone equally and let closer bonds form on their own.,Invite them to do something just the two of you.,1
Assertiveness,Pressure to conform,My roommate is pressuring me to do something I'm not comfortable with.,Go along with it this once to avoid seeming judgmental.,"Say directly that you're not comfortable with it, without over-explaining.",1
Empathy,Bad day,My team lead is clearly having a bad day but hasn't explained why.,Check in gently and let them share as much or as little as they want.,Give them space entirely so they can process it alone.,0
Teamwork,Unequal recognition,My team lead gets recognized more than others despite similar effort.,Mention the imbalance to whoever leads recognition decisions.,Work harder to try to get noticed the same way.,0
Empathy,Public embarrassment,My close friend did something embarrassing in front of others.,"Help them move past it with a light, kind comment.",Pretend not to notice so they don't feel more embarrassed.,0
Making Friends,Long distance,My neighbor moved away and I want to keep the friendship going.,Wait for them to reach out first since they moved.,"Set a simple regular way to stay in touch, like a monthly call.",1
Nonverbal Communication,Reading the room,I want to tell if my teammate wants to keep talking or wrap up.,"Watch for cues like turning away or short answers, and offer an easy exit.",Keep the conversation going until they explicitly say they need to leave.,0
Assertiveness,Being interrupted,My team lead keeps interrupting me when I talk.,Stop bringing up points so it doesn't happen again.,"Say calmly, 'I'd like to finish my point,' the next time it happens.",1
Workplace Communication,Giving feedback up,"I need to give feedback to my cousin, who is more senior than me.",Wait for them to ask for feedback before offering any.,Frame it around impact and ask if they're open to a suggestion.,1
Conflict Resolution,Repeated issue,My study partner and I keep having the same argument about the same thing.,Sit down outside the heated moment and agree on a clear plan.,Bring up every past instance to show the pattern clearly.,0
Public Speaking,Technical explanation,"I need to explain something technical to my new employee, who isn't familiar with it.","Start with the simplest version, then add detail if they ask.",Explain it exactly the way you'd explain it to an expert.,0
Starting Conversations,Reconnecting casually,I ran into my manager after a long time and don't know how to start talking again.,Apologize for being out of touch before saying anything else.,Mention something specific you remember about them before asking what's new.,1
Conflict Resolution,Public disagreement,My new employee disagreed with me in front of others.,Push back just as strongly in front of the same group.,Stay calm in the moment and follow up with them privately after.,1
Workplace Communication,Cross-team request,I need something from my roommate on another team that isn't their priority.,Explain clearly why it matters and ask what timeline works.,Follow up frequently until they get to it.,0
Setting Boundaries,Emotional labor,My new employee relies on me a lot for emotional support.,Support them within limits and encourage other resources too.,Keep absorbing it all so they don't feel unsupported.,0
Public Speaking,Toast or speech,I have to give a toast or speech in front of my coworker and don't know where to start.,"Pick one specific, genuine memory and build the speech around it.",Include as many jokes and stories as possible.,0
Public Speaking,Q&A nerves,I'm worried about freezing up during questions from my old friend.,Answer as quickly as possible to avoid an awkward silence.,"Take a breath, repeat the question in your own words, then answer.",1
Workplace Communication,Asking for more,I want to ask my teammate for a raise or more responsibility.,Schedule a dedicated conversation with specific examples ready.,Mention it casually in passing to keep things low-pressure.,0
Public Speaking,Status update,I need to give my classmate a short status update on my work.,"Lead with the headline result, then add detail only if asked.",Walk through the process step by step in the order it happened.,0
Empathy,Visible stress,My old friend seems overwhelmed but hasn't said anything.,Offer to take over their tasks without asking first.,Ask privately how they're doing and mention what you've noticed.,1
Starting Conversations,Shared wait,I'm waiting for a bus with my coworker and want to strike up a chat.,Comment on something happening around you and see if they engage.,Ask them directly if they want to talk to pass the time.,0
Making Friends,Long distance,My study partner moved away and I want to keep the friendship going.,Wait for them to reach out first since they moved.,"Set a simple regular way to stay in touch, like a monthly call.",1
Assertiveness,Pressure to conform,My study partner is pressuring me to do something I'm not comfortable with.,"Say directly that you're not comfortable with it, without over-explaining.",Go along with it this once to avoid seeming judgmental.,0
Active Listening,Disagreement in meeting,My manager is explaining an idea I disagree with in a meeting.,Prepare your counterpoints while they're still talking.,"Let them finish, then ask a clarifying question about the unclear part.",1
Starting Conversations,Online intro,I want to message my old friend online for the first time without it feeling weird.,Send a long message explaining exactly why you're reaching out.,Reference something specific you have in common before asking a question.,1
Empathy,Setback,My cousin didn't get something they really wanted.,Let them express disappointment without rushing to the positives.,Remind them of other good things going on to help them feel better.,0
Workplace Communication,Disagreeing with decision,I disagree with a decision my close friend made.,Ask for a private conversation to share your concern.,Bring it up in a group meeting so others can weigh in.,0
Teamwork,Disagreeing on direction,My sibling and I can't agree on which idea to move forward with.,Go with whichever idea the more vocal person prefers.,Suggest listing pros and cons together so the decision feels shared.,1
Starting Conversations,Shared wait,I'm waiting for a bus with my teammate and want to strike up a chat.,Comment on something happening around you and see if they engage.,Ask them directly if they want to talk to pass the time.,0
Nonverbal Communication,Distracted listener,My study partner seems distracted while I'm talking to them.,Keep talking at the same pace regardless.,Pause briefly and check in before continuing.,1
Handling Criticism,Repeated feedback,I keep getting the same feedback from my old friend and others.,Take it as a real signal worth addressing.,Assume it's a coincidence since they don't know each other.,0
Workplace Communication,Meeting overload,My cousin keeps scheduling meetings that could be emails.,Suggest an async update as an alternative for some of them.,Attend all of them without raising the issue.,0
Nonverbal Communication,Distracted listener,My sibling seems distracted while I'm talking to them.,Keep talking at the same pace regardless.,Pause briefly and check in before continuing.,1
Nonverbal Communication,Reading the room,I want to tell if my classmate wants to keep talking or wrap up.,"Watch for cues like turning away or short answers, and offer an easy exit.",Keep the conversation going until they explicitly say they need to leave.,0
Workplace Communication,Missed deadline,I realize I'm going to miss a deadline my classmate is expecting.,Wait until the deadline passes and explain afterward.,"Tell them as soon as you know, with a revised timeline.",1
Empathy,Difficult decision,My roommate is torn over a difficult decision.,Tell them clearly what you think they should do.,Ask questions that help them think it through rather than telling them what to do.,1
Empathy,Friend's loss,My classmate just lost a family member and I don't know what to say.,Acknowledge the loss simply and offer to help with something concrete.,Give them space and wait until they bring it up themselves.,0
Teamwork,Missed deadline,My coworker missed a deadline that affected the whole team.,Point out the missed deadline in front of the team.,Ask what happened and work together on a recovery plan.,1
Handling Criticism,Harsh review,I received a harsh review from my close friend that felt more personal than helpful.,Dismiss the whole review since the tone felt unfair.,Separate the useful points from the tone and ask a focused follow-up.,1
Empathy,Difficult decision,My team lead is torn over a difficult decision.,Ask questions that help them think it through rather than telling them what to do.,Tell them clearly what you think they should do.,0
Setting Boundaries,Family expectations,My coworker expects me at every gathering even when I'm exhausted.,Attend every one to avoid a difficult conversation.,Let them know in advance which ones you can make and why.,1
Setting Boundaries,Borrowed items,My cousin borrows things and often returns them late or damaged.,Stop mentioning it and quietly avoid lending to them again.,Tell them directly what you need going forward.,1
Making Friends,New parent friend,My roommate and I are both new parents and could become friends.,"Suggest a specific low-pressure plan, like a walk with the kids.",Wait until you run into each other again to suggest anything.,0
Setting Boundaries,Time boundary,My team lead tends to run long in conversations when I have limited time.,Let them know upfront how much time you have.,Let the conversation run long to avoid seeming rude.,0
Active Listening,Casual catch-up,My new employee is catching me up on their week.,Wait for your turn to talk about your own week.,Ask a couple of specific follow-up questions to show you're engaged.,1
Conflict Resolution,Money dispute,My new employee owes me money and hasn't brought it up.,Drop hints about it and hope they take the hint.,"Bring it up directly but kindly, mentioning the specific amount.",1
Starting Conversations,Shared wait,I'm waiting for a bus with my sibling and want to strike up a chat.,Ask them directly if they want to talk to pass the time.,Comment on something happening around you and see if they engage.,1
Empathy,Health scare,My sibling just got concerning medical news.,Ask how they're feeling about it and what kind of support they want.,Immediately research solutions and send them information.,0
Setting Boundaries,After-hours messages,My coworker keeps messaging me about work late at night.,Reply right away every time so they know you're available.,Let them know you'll respond first thing in the morning unless urgent.,1
Handling Criticism,Group critique,My sibling criticizes my idea in front of the whole group.,Respond calmly in the moment and reflect on it more afterward.,Defend the idea strongly right there to save face.,0
Setting Boundaries,After-hours messages,My close friend keeps messaging me about work late at night.,Reply right away every time so they know you're available.,Let them know you'll respond first thing in the morning unless urgent.,1
Workplace Communication,Missed deadline,I realize I'm going to miss a deadline my close friend is expecting.,Wait until the deadline passes and explain afterward.,"Tell them as soon as you know, with a revised timeline.",1
Nonverbal Communication,Physical distance,My team lead seems to keep more physical distance than usual.,Respect the space and let them close the distance if they want to.,Move closer to make the conversation feel warmer.,0
Public Speaking,Losing the audience,I notice my team lead and others checking their phones while I present.,Speak faster to get through the remaining content.,"Pause, ask a quick question to re-engage the room, then continue.",1
Making Friends,Deepening a friendship,I want my friendship with my manager to feel closer.,Share something a bit more personal and see how they respond.,Do more favors for them so they feel obligated to get closer.,0
Nonverbal Communication,Job interview,I have an interview with my cousin and want to make a good impression.,Focus mainly on what to say and not worry about body language.,"Make steady eye contact and sit with an open, relaxed posture.",1
Conflict Resolution,Boundary crossed,My close friend crossed a line I hadn't clearly stated before.,Stay upset internally but not bring it up since you hadn't said it before.,Explain the boundary clearly now and how you'd like things to go forward.,1
Setting Boundaries,Repeated favors,My new employee keeps asking for the same favor without offering anything back.,Mention the pattern directly and see if something can change.,Keep helping without saying anything about the imbalance.,0
Starting Conversations,Reconnecting casually,I ran into my old friend after a long time and don't know how to start talking again.,Mention something specific you remember about them before asking what's new.,Apologize for being out of touch before saying anything else.,0
Handling Criticism,Manager feedback,My sibling gave me critical feedback on something I worked hard on.,Explain the reasons behind your choices before agreeing to change anything.,Thank them for the feedback and ask a specific question about improving.,1
Teamwork,Silent teammate,My teammate rarely speaks up in team discussions.,Let them contribute in writing afterward instead of asking directly.,Ask for their input directly during discussions.,1
Teamwork,Missed deadline,My teammate missed a deadline that affected the whole team.,Point out the missed deadline in front of the team.,Ask what happened and work together on a recovery plan.,1
Conflict Resolution,Noise issue,My close friend is being loud in a way that's affecting me.,Explain the specific issue calmly and propose a compromise.,Escalate to someone in charge before talking to them directly.,0
Handling Criticism,Repeated feedback,I keep getting the same feedback from my coworker and others.,Take it as a real signal worth addressing.,Assume it's a coincidence since they don't know each other.,0
Nonverbal Communication,Job interview,I have an interview with my close friend and want to make a good impression.,"Make steady eye contact and sit with an open, relaxed posture.",Focus mainly on what to say and not worry about body language.,0
Starting Conversations,Elevator moment,I'm stuck in an elevator with my old friend and it's silent.,"Make a light, easy comment about the situation to break the ice.",Stay quiet since small talk in short moments can feel forced.,0
Conflict Resolution,Repeated issue,My mentor and I keep having the same argument about the same thing.,Bring up every past instance to show the pattern clearly.,Sit down outside the heated moment and agree on a clear plan.,1
Assertiveness,Repeated lateness,My classmate is consistently late when we meet.,Start showing up late yourself so it feels even.,Mention it directly and ask if a different time would work better.,1
Teamwork,Silent teammate,My team lead rarely speaks up in team discussions.,Ask for their input directly during discussions.,Let them contribute in writing afterward instead of asking directly.,0
Handling Criticism,Creative project,My sibling criticized a creative project I'm proud of.,Consider which parts resonate with your own doubts and set aside the rest.,Change the project significantly based on this one comment.,0
Making Friends,Deepening a friendship,I want my friendship with my team lead to feel closer.,Share something a bit more personal and see how they respond.,Do more favors for them so they feel obligated to get closer.,0
Making Friends,Long distance,My cousin moved away and I want to keep the friendship going.,"Set a simple regular way to stay in touch, like a monthly call.",Wait for them to reach out first since they moved.,0
Starting Conversations,Elevator moment,I'm stuck in an elevator with my sibling and it's silent.,Stay quiet since small talk in short moments can feel forced.,"Make a light, easy comment about the situation to break the ice.",1
Teamwork,Conflicting styles,My sibling works very differently from me and it's causing friction.,Talk openly about work styles and agree on a middle ground.,Adjust your own style completely to match theirs.,0
Active Listening,Important news,My study partner is telling me something important and I keep getting distracted.,Nod along while thinking about how you'll respond.,Repeat back the main point to make sure you understood it.,1
Teamwork,Silent teammate,My new employee rarely speaks up in team discussions.,Let them contribute in writing afterward instead of asking directly.,Ask for their input directly during discussions.,1
Empathy,Friend's loss,My teammate just lost a family member and I don't know what to say.,Acknowledge the loss simply and offer to help with something concrete.,Give them space and wait until they bring it up themselves.,0
Workplace Communication,Giving feedback up,"I need to give feedback to my new employee, who is more senior than me.",Wait for them to ask for feedback before offering any.,Frame it around impact and ask if they're open to a suggestion.,1
Public Speaking,Feedback after talk,My manager gives me feedback on a talk I just gave.,Explain the choices you made before hearing them out fully.,Ask what specifically landed and what didn't.,1
Assertiveness,Pressure to conform,My teammate is pressuring me to do something I'm not comfortable with.,"Say directly that you're not comfortable with it, without over-explaining.",Go along with it this once to avoid seeming judgmental.,0
Setting Boundaries,Personal questions,My mentor keeps asking about my personal life in ways that feel intrusive.,Answer fully each time so you don't seem unfriendly.,Politely redirect the conversation and keep answers brief.,1
Teamwork,Disagreeing on direction,My coworker and I can't agree on which idea to move forward with.,Suggest listing pros and cons together so the decision feels shared.,Go with whichever idea the more vocal person prefers.,0
Active Listening,Friend venting,My coworker is venting to me about a hard day.,Put distractions away and ask a follow-up question before offering advice.,Share a similar hard day you had so they know you understand.,0
Making Friends,Shared hobby,My close friend likes the same hobby as me and I want to build a friendship.,Message them frequently about the hobby to build common ground fast.,Suggest doing the hobby together at a low-pressure time.,1
Handling Criticism,Performance review,My old friend gave me a performance review lower than expected.,Push back on the rating before hearing the full explanation.,Ask for specific examples so you understand exactly what to improve.,1
Starting Conversations,Awkward silence,There's an awkward silence with my neighbor and I don't know what to say.,Ask an open question about something you both just experienced.,Fill the silence by talking about yourself until it feels less awkward.,0
Public Speaking,Impromptu speaking,My roommate asks me to say a few words with no preparation.,Try to cover everything you can think of on the spot.,"Take a breath, pick one point, and keep it short.",1
Starting Conversations,Waiting room,I'm sitting next to my roommate in a waiting room and want to talk.,Ask them several personal questions to fill the time.,"Make an easy comment about the wait, then see if they want to keep talking.",1
Assertiveness,Repeated lateness,My cousin is consistently late when we meet.,Mention it directly and ask if a different time would work better.,Start showing up late yourself so it feels even.,0
Teamwork,Unequal recognition,My old friend gets recognized more than others despite similar effort.,Mention the imbalance to whoever leads recognition decisions.,Work harder to try to get noticed the same way.,0
Nonverbal Communication,Group photo moment,I want to seem approachable to my new employee in a group setting.,Keep an open stance and make brief eye contact with people as they talk.,Stand slightly apart so you don't seem like you're intruding.,0
Empathy,Comparing struggles,My teammate is struggling with something I've been through myself.,Share your own story in detail since it might help them relate.,Focus on their specific experience rather than comparing to your own.,1
Empathy,Feeling excluded,My manager mentions feeling left out of a group.,Tell them they're overreacting and it's probably not personal.,"Validate the feeling before figuring out what, if anything, to do next.",1
Active Listening,Important news,My mentor is telling me something important and I keep getting distracted.,Repeat back the main point to make sure you understood it.,Nod along while thinking about how you'll respond.,0
Starting Conversations,Reconnecting casually,I ran into my cousin after a long time and don't know how to start talking again.,Apologize for being out of touch before saying anything else.,Mention something specific you remember about them before asking what's new.,1
Workplace Communication,Difficult email,I need to email my coworker about a mistake that affected me.,Cc other people right away so the issue is taken seriously.,State the issue factually and propose next steps.,1
Public Speaking,Recorded presentation,I'm recording a presentation my close friend will watch later.,"Include everything you might normally say live, just in case.",Keep it concise and structured since there's no live back-and-forth.,1
Setting Boundaries,Unsolicited advice,My classmate keeps giving advice about a decision that's mine to make.,"Thank them for caring, then state clearly you've got it handled.",Nod along and quietly do what you were going to do anyway.,0
Public Speaking,Recorded presentation,I'm recording a presentation my cousin will watch later.,"Include everything you might normally say live, just in case.",Keep it concise and structured since there's no live back-and-forth.,1
Starting Conversations,Shared wait,I'm waiting for a bus with my old friend and want to strike up a chat.,Comment on something happening around you and see if they engage.,Ask them directly if they want to talk to pass the time.,0
Setting Boundaries,Borrowed items,My close friend borrows things and often returns them late or damaged.,Stop mentioning it and quietly avoid lending to them again.,Tell them directly what you need going forward.,1
Setting Boundaries,Overcommitted,My coworker keeps asking for favors that take up a lot of my time.,Say yes to what you can genuinely manage and be honest otherwise.,Keep saying yes so the relationship doesn't feel strained.,0
Handling Criticism,Repeated feedback,I keep getting the same feedback from my close friend and others.,Take it as a real signal worth addressing.,Assume it's a coincidence since they don't know each other.,0
Nonverbal Communication,Tone mismatch,My new employee says they're fine but their tone suggests otherwise.,Take their words at face value and move on.,Gently note the mismatch and ask if they want to talk about it.,1
Making Friends,Long distance,My close friend moved away and I want to keep the friendship going.,"Set a simple regular way to stay in touch, like a monthly call.",Wait for them to reach out first since they moved.,0
Handling Criticism,Creative project,My study partner criticized a creative project I'm proud of.,Change the project significantly based on this one comment.,Consider which parts resonate with your own doubts and set aside the rest.,1
Making Friends,New parent friend,My cousin and I are both new parents and could become friends.,"Suggest a specific low-pressure plan, like a walk with the kids.",Wait until you run into each other again to suggest anything.,0
Teamwork,Silent teammate,My mentor rarely speaks up in team discussions.,Ask for their input directly during discussions.,Let them contribute in writing afterward instead of asking directly.,0
Assertiveness,Disrespected opinion,My roommate dismisses my opinion in front of others.,"Stay quiet in the moment and bring it up much later, if at all.",Restate your point calmly and ask to be heard fully.,1
Empathy,Feeling excluded,My neighbor mentions feeling left out of a group.,"Validate the feeling before figuring out what, if anything, to do next.",Tell them they're overreacting and it's probably not personal.,0
Setting Boundaries,Financial boundary,My new employee asks to borrow money more often than feels comfortable.,Set a clear limit and explain it kindly.,Lend it each time to avoid an uncomfortable conversation.,0
Nonverbal Communication,Physical distance,My neighbor seems to keep more physical distance than usual.,Move closer to make the conversation feel warmer.,Respect the space and let them close the distance if they want to.,1
Nonverbal Communication,Tense meeting,My coworker seems tense during a meeting and it's affecting the room.,Keep your own tone calm and open to help ease the tension.,Match their tense energy so the seriousness is clear.,0
Nonverbal Communication,Reading the room,I want to tell if my roommate wants to keep talking or wrap up.,"Watch for cues like turning away or short answers, and offer an easy exit.",Keep the conversation going until they explicitly say they need to leave.,0
Conflict Resolution,Repeated issue,My coworker and I keep having the same argument about the same thing.,Sit down outside the heated moment and agree on a clear plan.,Bring up every past instance to show the pattern clearly.,0
Empathy,Fear of change,My old friend is scared about an upcoming change in their life.,Tell them there's nothing to worry about and it'll be fine.,Ask what specifically worries them before offering reassurance.,1
Workplace Communication,Requesting time off,I need to ask my sibling for time off during a busy period.,Ask at the last minute and let them figure out coverage.,Give as much notice as possible and offer a coverage plan.,1
Conflict Resolution,Shared space,My team lead keeps leaving a mess and it's bothering me.,Bring it up calmly in person and suggest a system that works for both of you.,Leave it as is until they notice the problem themselves.,0
Teamwork,Conflicting styles,My close friend works very differently from me and it's causing friction.,Adjust your own style completely to match theirs.,Talk openly about work styles and agree on a middle ground.,1
Public Speaking,Pitching an idea,I'm pitching an idea to my mentor and want it to land well.,Open with the problem and why it matters before the solution.,Open with every detail of the solution so nothing is missed.,0
Making Friends,Quiet acquaintance,My coworker is quiet and seems like they'd be a good friend but rarely talks.,Include them in bigger group activities and wait for them to open up.,Approach them one-on-one and mention something specific you noticed.,1
Nonverbal Communication,Tone mismatch,My manager says they're fine but their tone suggests otherwise.,Take their words at face value and move on.,Gently note the mismatch and ask if they want to talk about it.,1
Active Listening,Instructions,My new employee is giving me instructions I need to follow exactly.,Repeat the instructions back to confirm before starting.,Start right away and ask questions only if something goes wrong.,0
Nonverbal Communication,Job interview,I have an interview with my manager and want to make a good impression.,"Make steady eye contact and sit with an open, relaxed posture.",Focus mainly on what to say and not worry about body language.,0
Active Listening,Disagreement in meeting,My coworker is explaining an idea I disagree with in a meeting.,"Let them finish, then ask a clarifying question about the unclear part.",Prepare your counterpoints while they're still talking.,0
Active Listening,Upset call,My mentor calls me upset and I'm not sure what to say.,Let them talk it out and ask what happened next instead of jumping to solutions.,Offer solutions quickly so the problem feels handled.,0
Making Friends,Reconnecting,I lost touch with my sibling and want to reconnect naturally.,Call them and explain in detail why you drifted apart.,"Send a short, warm message referencing a specific good memory.",1
Workplace Communication,Onboarding question,I have a lot of questions as I onboard and don't want to bother my study partner.,Batch your questions and ask them at a natural check-in time.,Avoid asking and try to figure everything out on your own.,0
Assertiveness,Unfair blame,I got blamed for something that wasn't my fault by my study partner.,"Explain calmly what actually happened, with specifics.",Let it go since bringing it up might seem difficult.,0
Handling Criticism,Public correction,My cousin corrected a mistake I made in front of others.,Correct them back on something minor later to feel even.,Acknowledge the correction calmly and thank them.,1
Handling Criticism,Performance review,My coworker gave me a performance review lower than expected.,Ask for specific examples so you understand exactly what to improve.,Push back on the rating before hearing the full explanation.,0
Workplace Communication,Disagreeing publicly,My study partner says something inaccurate in a meeting with others present.,Correct them firmly in front of everyone right away.,Note it calmly in the meeting or follow up privately after.,1
Teamwork,Disagreeing on direction,My teammate and I can't agree on which idea to move forward with.,Suggest listing pros and cons together so the decision feels shared.,Go with whichever idea the more vocal person prefers.,0
Starting Conversations,First meeting,I'm about to meet my classmate for the first time and I'm nervous about the opener.,Prepare a detailed introduction covering your background so nothing is left out.,"Prepare one simple, genuine question rather than a rehearsed line.",1
Conflict Resolution,Noise issue,My study partner is being loud in a way that's affecting me.,Escalate to someone in charge before talking to them directly.,Explain the specific issue calmly and propose a compromise.,1
Teamwork,Decision paralysis,My neighbor and the team can't decide on next steps.,Wait for someone else to take the lead on deciding.,Propose a clear deadline for the decision and a simple way to choose.,1
Conflict Resolution,Credit dispute,My roommate took credit for part of my idea.,Bring it up publicly so others hear the correction at once.,Talk to them privately first and explain how it affected you.,1
Nonverbal Communication,Crossed arms,My cousin has their arms crossed and seems distant.,Soften your own body language and ask an open question.,Mirror their crossed arms so the conversation feels balanced.,0
Teamwork,Conflicting styles,My teammate works very differently from me and it's causing friction.,Talk openly about work styles and agree on a middle ground.,Adjust your own style completely to match theirs.,0
Starting Conversations,First meeting,I'm about to meet my teammate for the first time and I'm nervous about the opener.,"Prepare one simple, genuine question rather than a rehearsed line.",Prepare a detailed introduction covering your background so nothing is left out.,0
Starting Conversations,Awkward silence,There's an awkward silence with my new employee and I don't know what to say.,Fill the silence by talking about yourself until it feels less awkward.,Ask an open question about something you both just experienced.,1
Assertiveness,Unwanted plans,My roommate keeps suggesting plans I don't actually want to do.,Keep agreeing and cancel at the last minute instead.,Say honestly that this activity isn't for you and suggest an alternative.,1
Teamwork,Unequal recognition,My mentor gets recognized more than others despite similar effort.,Mention the imbalance to whoever leads recognition decisions.,Work harder to try to get noticed the same way.,0
Teamwork,Conflicting styles,My old friend works very differently from me and it's causing friction.,Talk openly about work styles and agree on a middle ground.,Adjust your own style completely to match theirs.,0
Setting Boundaries,Space boundary,My mentor drops by unannounced more than I'd like.,Ask them kindly to check in before coming over.,Let it continue and just seem busy when they show up.,0
Starting Conversations,First meeting,I'm about to meet my manager for the first time and I'm nervous about the opener.,Prepare a detailed introduction covering your background so nothing is left out.,"Prepare one simple, genuine question rather than a rehearsed line.",1
Assertiveness,Speaking up in group,I disagree with the direction my neighbor and the group are taking.,Stay quiet since the group already seems to agree.,"Voice your concern clearly once, with your reasoning.",1
Handling Criticism,Manager feedback,My teammate gave me critical feedback on something I worked hard on.,Thank them for the feedback and ask a specific question about improving.,Explain the reasons behind your choices before agreeing to change anything.,0
Assertiveness,Unreasonable request,My mentor asks for something that isn't reasonable given the timeline.,Explain what's realistic and propose an alternative timeline.,Agree to the timeline and rush to make it work anyway.,0
Public Speaking,Pitching an idea,I'm pitching an idea to my roommate and want it to land well.,Open with the problem and why it matters before the solution.,Open with every detail of the solution so nothing is missed.,0
Handling Criticism,Friend's honest opinion,My classmate told me honestly they didn't like something I made.,Ask what specifically didn't work for them.,Assume they just don't understand what you were going for.,0
Public Speaking,Impromptu speaking,My manager asks me to say a few words with no preparation.,Try to cover everything you can think of on the spot.,"Take a breath, pick one point, and keep it short.",1
Public Speaking,Pitching an idea,I'm pitching an idea to my neighbor and want it to land well.,Open with every detail of the solution so nothing is missed.,Open with the problem and why it matters before the solution.,1
Starting Conversations,Waiting room,I'm sitting next to my old friend in a waiting room and want to talk.,Ask them several personal questions to fill the time.,"Make an easy comment about the wait, then see if they want to keep talking.",1
Empathy,Bad day,My cousin is clearly having a bad day but hasn't explained why.,Give them space entirely so they can process it alone.,Check in gently and let them share as much or as little as they want.,1
Assertiveness,Last-minute request,My mentor asks me for a last-minute favor I can't really do.,"Say clearly that you can't this time, without a long justification.",Agree and rearrange your own plans to make it work.,0
Teamwork,Disagreeing on direction,My study partner and I can't agree on which idea to move forward with.,Go with whichever idea the more vocal person prefers.,Suggest listing pros and cons together so the decision feels shared.,1
Making Friends,Mutual friend,"I want to become friends with my study partner, who I met through someone else.",Wait until the mutual friend brings you together again.,Reach out directly instead of relying on the mutual friend to connect you.,1
Starting Conversations,Awkward silence,There's an awkward silence with my manager and I don't know what to say.,Fill the silence by talking about yourself until it feels less awkward.,Ask an open question about something you both just experienced.,1
Active Listening,Feedback session,My coworker is giving me feedback I didn't expect.,Explain your reasoning as soon as a point doesn't sit right with you.,"Listen fully before responding, even if you want to explain yourself.",1
Handling Criticism,Unsolicited critique,My teammate critiques something I didn't ask for feedback on.,Thank them briefly and decide later what's actually useful.,Explain why their critique doesn't apply in this case.,0
Starting Conversations,Party small talk,I don't know what to say to my study partner at a party.,Ask what brought them there and follow their lead from there.,Talk mainly about your own week so they get to know you.,0
Making Friends,Long distance,My old friend moved away and I want to keep the friendship going.,"Set a simple regular way to stay in touch, like a monthly call.",Wait for them to reach out first since they moved.,0
Public Speaking,Technical explanation,"I need to explain something technical to my sibling, who isn't familiar with it.","Start with the simplest version, then add detail if they ask.",Explain it exactly the way you'd explain it to an expert.,0
Setting Boundaries,Personal questions,My sibling keeps asking about my personal life in ways that feel intrusive.,Answer fully each time so you don't seem unfriendly.,Politely redirect the conversation and keep answers brief.,1
Active Listening,Emotional topic,My coworker brings up something emotional and I want to respond well.,"Slow down, make eye contact, and let them finish before speaking.",Reassure them quickly that everything will be fine.,0
Assertiveness,Unwanted plans,My manager keeps suggesting plans I don't actually want to do.,Keep agreeing and cancel at the last minute instead.,Say honestly that this activity isn't for you and suggest an alternative.,1
Starting Conversations,Meeting new people,I'm new to a group with my study partner and don't know how to start talking.,"Start with a simple question about what's going on around you, then build on their answer.",Wait for someone to notice you're new and approach you first.,0
Workplace Communication,Difficult email,I need to email my old friend about a mistake that affected me.,Cc other people right away so the issue is taken seriously.,State the issue factually and propose next steps.,1
Starting Conversations,Online intro,I want to message my coworker online for the first time without it feeling weird.,Send a long message explaining exactly why you're reaching out.,Reference something specific you have in common before asking a question.,1
Handling Criticism,Friend's honest opinion,My new employee told me honestly they didn't like something I made.,Ask what specifically didn't work for them.,Assume they just don't understand what you were going for.,0
Workplace Communication,Requesting time off,I need to ask my mentor for time off during a busy period.,Give as much notice as possible and offer a coverage plan.,Ask at the last minute and let them figure out coverage.,0
Starting Conversations,New coworker,My team lead just joined and I want to introduce myself well.,Introduce yourself briefly and ask one easy question about their first days.,Give them a long rundown of how everything works before they've settled in.,0
Nonverbal Communication,Silent agreement,My neighbor nods but seems unsure during a conversation.,Check in directly to see if they actually agree or have concerns.,Take the nod as full agreement and move on.,0
Setting Boundaries,Family expectations,My new employee expects me at every gathering even when I'm exhausted.,Attend every one to avoid a difficult conversation.,Let them know in advance which ones you can make and why.,1
Starting Conversations,Reconnecting casually,I ran into my study partner after a long time and don't know how to start talking again.,Mention something specific you remember about them before asking what's new.,Apologize for being out of touch before saying anything else.,0
Teamwork,Remote coordination,Communication with my mentor keeps slipping through the cracks remotely.,Propose a short regular check-in and a shared doc for updates.,Send more frequent individual messages to make sure nothing is missed.,0
Starting Conversations,Waiting room,I'm sitting next to my cousin in a waiting room and want to talk.,Ask them several personal questions to fill the time.,"Make an easy comment about the wait, then see if they want to keep talking.",1
Nonverbal Communication,Reading the room,I want to tell if my cousin wants to keep talking or wrap up.,Keep the conversation going until they explicitly say they need to leave.,"Watch for cues like turning away or short answers, and offer an easy exit.",1
Teamwork,Missed deadline,My manager missed a deadline that affected the whole team.,Point out the missed deadline in front of the team.,Ask what happened and work together on a recovery plan.,1
Setting Boundaries,Financial boundary,My coworker asks to borrow money more often than feels comfortable.,Lend it each time to avoid an uncomfortable conversation.,Set a clear limit and explain it kindly.,1
Nonverbal Communication,Tone mismatch,My cousin says they're fine but their tone suggests otherwise.,Gently note the mismatch and ask if they want to talk about it.,Take their words at face value and move on.,0
Nonverbal Communication,Crossed arms,My sibling has their arms crossed and seems distant.,Mirror their crossed arms so the conversation feels balanced.,Soften your own body language and ask an open question.,1
Teamwork,Missed deadline,My study partner missed a deadline that affected the whole team.,Point out the missed deadline in front of the team.,Ask what happened and work together on a recovery plan.,1
Handling Criticism,Vague criticism,My neighbor gives criticism that's vague and hard to act on.,Guess at what they meant and adjust based on that guess.,Ask for a specific example to understand what they mean.,1
Active Listening,Emotional topic,My teammate brings up something emotional and I want to respond well.,Reassure them quickly that everything will be fine.,"Slow down, make eye contact, and let them finish before speaking.",1
Making Friends,New environment,I just started somewhere new with my new employee and want to build a friendship.,Try to befriend the most popular person first to meet others faster.,Show consistent interest over time and remember details they share.,1
Empathy,Fear of change,My classmate is scared about an upcoming change in their life.,Tell them there's nothing to worry about and it'll be fine.,Ask what specifically worries them before offering reassurance.,1
Workplace Communication,Sensitive topic,I need to bring up a sensitive topic with my manager at work.,Choose a private setting and lead with the specific concern.,Bring it up casually in a group setting to soften it.,0
Handling Criticism,Written feedback,My roommate left written feedback that's hard to interpret in tone.,Assume the harshest possible tone and respond defensively.,Ask a quick clarifying question rather than assuming the worst tone.,1
Making Friends,New environment,I just started somewhere new with my cousin and want to build a friendship.,Show consistent interest over time and remember details they share.,Try to befriend the most popular person first to meet others faster.,0
Assertiveness,Disrespected opinion,My neighbor dismisses my opinion in front of others.,"Stay quiet in the moment and bring it up much later, if at all.",Restate your point calmly and ask to be heard fully.,1
Assertiveness,Speaking up in group,I disagree with the direction my new employee and the group are taking.,"Voice your concern clearly once, with your reasoning.",Stay quiet since the group already seems to agree.,0
Workplace Communication,Unclear instructions,My roommate gave me a task but the instructions were unclear.,Ask a specific clarifying question before starting.,Start working right away and adjust later if it's wrong.,0
Public Speaking,Impromptu speaking,My team lead asks me to say a few words with no preparation.,"Take a breath, pick one point, and keep it short.",Try to cover everything you can think of on the spot.,0
Handling Criticism,Vague criticism,My old friend gives criticism that's vague and hard to act on.,Ask for a specific example to understand what they mean.,Guess at what they meant and adjust based on that guess.,0
Assertiveness,Speaking up in group,I disagree with the direction my teammate and the group are taking.,"Voice your concern clearly once, with your reasoning.",Stay quiet since the group already seems to agree.,0
Setting Boundaries,After-hours messages,My roommate keeps messaging me about work late at night.,Let them know you'll respond first thing in the morning unless urgent.,Reply right away every time so they know you're available.,0
Workplace Communication,Difficult email,I need to email my mentor about a mistake that affected me.,State the issue factually and propose next steps.,Cc other people right away so the issue is taken seriously.,0
Conflict Resolution,Team disagreement,My mentor and I disagree strongly about how to approach something.,Ask them to explain their reasoning and look for common ground.,Let whoever has more experience decide since they're likely right.,0
Empathy,Visible stress,My neighbor seems overwhelmed but hasn't said anything.,Ask privately how they're doing and mention what you've noticed.,Offer to take over their tasks without asking first.,0
Handling Criticism,Repeated feedback,I keep getting the same feedback from my roommate and others.,Take it as a real signal worth addressing.,Assume it's a coincidence since they don't know each other.,0
Public Speaking,Recorded presentation,I'm recording a presentation my new employee will watch later.,"Include everything you might normally say live, just in case.",Keep it concise and structured since there's no live back-and-forth.,1
Teamwork,Unequal recognition,My classmate gets recognized more than others despite similar effort.,Work harder to try to get noticed the same way.,Mention the imbalance to whoever leads recognition decisions.,1
Teamwork,Disagreeing on direction,My close friend and I can't agree on which idea to move forward with.,Go with whichever idea the more vocal person prefers.,Suggest listing pros and cons together so the decision feels shared.,1
Making Friends,New parent friend,My study partner and I are both new parents and could become friends.,Wait until you run into each other again to suggest anything.,"Suggest a specific low-pressure plan, like a walk with the kids.",1
Setting Boundaries,Overcommitted,My team lead keeps asking for favors that take up a lot of my time.,Keep saying yes so the relationship doesn't feel strained.,Say yes to what you can genuinely manage and be honest otherwise.,1
Teamwork,Group decision fatigue,My manager and the team keep re-deciding the same thing.,Suggest documenting the decision once it's made so it sticks.,Let the discussion happen again each time it comes up.,0
Empathy,Comparing struggles,My classmate is struggling with something I've been through myself.,Share your own story in detail since it might help them relate.,Focus on their specific experience rather than comparing to your own.,1
Making Friends,Long distance,My mentor moved away and I want to keep the friendship going.,Wait for them to reach out first since they moved.,"Set a simple regular way to stay in touch, like a monthly call.",1
Empathy,Friend's loss,My sibling just lost a family member and I don't know what to say.,Give them space and wait until they bring it up themselves.,Acknowledge the loss simply and offer to help with something concrete.,1
Making Friends,Quiet acquaintance,My mentor is quiet and seems like they'd be a good friend but rarely talks.,Approach them one-on-one and mention something specific you noticed.,Include them in bigger group activities and wait for them to open up.,0
Active Listening,Feedback session,My manager is giving me feedback I didn't expect.,"Listen fully before responding, even if you want to explain yourself.",Explain your reasoning as soon as a point doesn't sit right with you.,0
Conflict Resolution,Money dispute,My roommate owes me money and hasn't brought it up.,Drop hints about it and hope they take the hint.,"Bring it up directly but kindly, mentioning the specific amount.",1
Assertiveness,Overloaded schedule,My coworker keeps adding to my workload without checking capacity.,Take on everything without comment and try to work faster.,State clearly what's already on your plate and ask them to help prioritize.,1
Handling Criticism,Vague criticism,My manager gives criticism that's vague and hard to act on.,Guess at what they meant and adjust based on that guess.,Ask for a specific example to understand what they mean.,1
Public Speaking,Nervous before presenting,I have to present tomorrow with my new employee in the room and I'm nervous.,Write out the entire speech word for word and read from the page.,Practice out loud a few times and focus on your main message.,1
Public Speaking,Losing the audience,I notice my teammate and others checking their phones while I present.,Speak faster to get through the remaining content.,"Pause, ask a quick question to re-engage the room, then continue.",1
Teamwork,Unequal recognition,My study partner gets recognized more than others despite similar effort.,Mention the imbalance to whoever leads recognition decisions.,Work harder to try to get noticed the same way.,0
Conflict Resolution,After an argument,I had an argument with my roommate and we haven't spoken since.,Wait for them to reach out first since they were more upset.,Reach out and acknowledge the disagreement directly.,1
Starting Conversations,First meeting,I'm about to meet my neighbor for the first time and I'm nervous about the opener.,Prepare a detailed introduction covering your background so nothing is left out.,"Prepare one simple, genuine question rather than a rehearsed line.",1
Active Listening,Instructions,My manager is giving me instructions I need to follow exactly.,Repeat the instructions back to confirm before starting.,Start right away and ask questions only if something goes wrong.,0
Nonverbal Communication,Tense meeting,My team lead seems tense during a meeting and it's affecting the room.,Match their tense energy so the seriousness is clear.,Keep your own tone calm and open to help ease the tension.,1
Making Friends,After a favor,My neighbor recently helped me out and I want to build on that.,Thank them specifically and suggest returning the favor sometime.,Assume the favor already made you close and act accordingly.,0
Setting Boundaries,Time boundary,My neighbor tends to run long in conversations when I have limited time.,Let them know upfront how much time you have.,Let the conversation run long to avoid seeming rude.,0
Teamwork,Silent teammate,My manager rarely speaks up in team discussions.,Let them contribute in writing afterward instead of asking directly.,Ask for their input directly during discussions.,1
Starting Conversations,Elevator moment,I'm stuck in an elevator with my mentor and it's silent.,"Make a light, easy comment about the situation to break the ice.",Stay quiet since small talk in short moments can feel forced.,0
Assertiveness,Unwanted plans,My classmate keeps suggesting plans I don't actually want to do.,Say honestly that this activity isn't for you and suggest an alternative.,Keep agreeing and cancel at the last minute instead.,0
Conflict Resolution,Group project friction,My new employee and I clash on a shared project.,Split the work in half and avoid talking about the disagreement.,"Propose a short conversation focused only on the project, not personalities.",1
Nonverbal Communication,Silent agreement,My manager nods but seems unsure during a conversation.,Check in directly to see if they actually agree or have concerns.,Take the nod as full agreement and move on.,0
Nonverbal Communication,Silent agreement,My old friend nods but seems unsure during a conversation.,Take the nod as full agreement and move on.,Check in directly to see if they actually agree or have concerns.,1
Nonverbal Communication,Tense meeting,My classmate seems tense during a meeting and it's affecting the room.,Keep your own tone calm and open to help ease the tension.,Match their tense energy so the seriousness is clear.,0
Conflict Resolution,Boundary crossed,My old friend crossed a line I hadn't clearly stated before.,Explain the boundary clearly now and how you'd like things to go forward.,Stay upset internally but not bring it up since you hadn't said it before.,0
Setting Boundaries,Family expectations,My old friend expects me at every gathering even when I'm exhausted.,Attend every one to avoid a difficult conversation.,Let them know in advance which ones you can make and why.,1
Nonverbal Communication,Group photo moment,I want to seem approachable to my coworker in a group setting.,Keep an open stance and make brief eye contact with people as they talk.,Stand slightly apart so you don't seem like you're intruding.,0
Assertiveness,Uncomfortable joke,My mentor makes a joke at my expense that bothers me.,Laugh along so it doesn't seem like a big deal.,"Let them know directly, without making it a bigger issue than needed.",1
Handling Criticism,Vague criticism,My mentor gives criticism that's vague and hard to act on.,Guess at what they meant and adjust based on that guess.,Ask for a specific example to understand what they mean.,1
Workplace Communication,Onboarding question,I have a lot of questions as I onboard and don't want to bother my teammate.,Batch your questions and ask them at a natural check-in time.,Avoid asking and try to figure everything out on your own.,0
Active Listening,Disagreement in meeting,My neighbor is explaining an idea I disagree with in a meeting.,Prepare your counterpoints while they're still talking.,"Let them finish, then ask a clarifying question about the unclear part.",1
Nonverbal Communication,First meeting nerves,I'm nervous meeting my classmate and not sure how I'm coming across.,Keep your posture open and let there be some comfortable pauses.,Fill every silence with talking so there's never an awkward pause.,0
Teamwork,Uneven workload,My new employee isn't doing their share of the work.,Talk to them privately about specific tasks and ask what's going on.,Quietly redo their part yourself so the project doesn't suffer.,0
Setting Boundaries,Social media boundary,My coworker tags or posts about me in ways I'm not comfortable with.,Ask them directly to check with you before posting about you.,Untag yourself quietly each time without saying anything.,0
Teamwork,Sharing credit,Our team succeeded mostly because of my close friend's extra effort.,Present it as a fully equal effort so no one feels singled out.,Acknowledge their specific contribution while recognizing the team too.,1
Empathy,Public embarrassment,My cousin did something embarrassing in front of others.,"Help them move past it with a light, kind comment.",Pretend not to notice so they don't feel more embarrassed.,0
Conflict Resolution,After an argument,I had an argument with my sibling and we haven't spoken since.,Wait for them to reach out first since they were more upset.,Reach out and acknowledge the disagreement directly.,1
Conflict Resolution,Group project friction,My coworker and I clash on a shared project.,Split the work in half and avoid talking about the disagreement.,"Propose a short conversation focused only on the project, not personalities.",1
Empathy,Public embarrassment,My classmate did something embarrassing in front of others.,Pretend not to notice so they don't feel more embarrassed.,"Help them move past it with a light, kind comment.",1
Public Speaking,Feedback after talk,My team lead gives me feedback on a talk I just gave.,Explain the choices you made before hearing them out fully.,Ask what specifically landed and what didn't.,1
Teamwork,Decision paralysis,My close friend and the team can't decide on next steps.,Wait for someone else to take the lead on deciding.,Propose a clear deadline for the decision and a simple way to choose.,1
Assertiveness,Uncomfortable joke,My roommate makes a joke at my expense that bothers me.,"Let them know directly, without making it a bigger issue than needed.",Laugh along so it doesn't seem like a big deal.,0
Empathy,Comparing struggles,My mentor is struggling with something I've been through myself.,Focus on their specific experience rather than comparing to your own.,Share your own story in detail since it might help them relate.,0
Conflict Resolution,Noise issue,My neighbor is being loud in a way that's affecting me.,Escalate to someone in charge before talking to them directly.,Explain the specific issue calmly and propose a compromise.,1
Workplace Communication,Cross-team request,I need something from my teammate on another team that isn't their priority.,Explain clearly why it matters and ask what timeline works.,Follow up frequently until they get to it.,0
Conflict Resolution,Public disagreement,My close friend disagreed with me in front of others.,Stay calm in the moment and follow up with them privately after.,Push back just as strongly in front of the same group.,0
Teamwork,Unequal recognition,My new employee gets recognized more than others despite similar effort.,Work harder to try to get noticed the same way.,Mention the imbalance to whoever leads recognition decisions.,1
Making Friends,New parent friend,My close friend and I are both new parents and could become friends.,"Suggest a specific low-pressure plan, like a walk with the kids.",Wait until you run into each other again to suggest anything.,0
Nonverbal Communication,Reading the room,I want to tell if my team lead wants to keep talking or wrap up.,"Watch for cues like turning away or short answers, and offer an easy exit.",Keep the conversation going until they explicitly say they need to leave.,0
Empathy,Health scare,My close friend just got concerning medical news.,Ask how they're feeling about it and what kind of support they want.,Immediately research solutions and send them information.,0
Making Friends,New city,I moved somewhere new and want to build a friendship with my team lead.,Attend as many one-off events with them as possible.,Suggest a regular low-key activity together so contact becomes natural.,1
Handling Criticism,Performance review,My study partner gave me a performance review lower than expected.,Push back on the rating before hearing the full explanation.,Ask for specific examples so you understand exactly what to improve.,1
Public Speaking,Status update,I need to give my neighbor a short status update on my work.,"Lead with the headline result, then add detail only if asked.",Walk through the process step by step in the order it happened.,0
Handling Criticism,Creative project,My new employee criticized a creative project I'm proud of.,Consider which parts resonate with your own doubts and set aside the rest.,Change the project significantly based on this one comment.,0
Making Friends,New parent friend,My teammate and I are both new parents and could become friends.,"Suggest a specific low-pressure plan, like a walk with the kids.",Wait until you run into each other again to suggest anything.,0
Nonverbal Communication,Reading the room,I want to tell if my new employee wants to keep talking or wrap up.,"Watch for cues like turning away or short answers, and offer an easy exit.",Keep the conversation going until they explicitly say they need to leave.,0
Assertiveness,Unreasonable request,My close friend asks for something that isn't reasonable given the timeline.,Explain what's realistic and propose an alternative timeline.,Agree to the timeline and rush to make it work anyway.,0
Workplace Communication,Missed deadline,I realize I'm going to miss a deadline my manager is expecting.,Wait until the deadline passes and explain afterward.,"Tell them as soon as you know, with a revised timeline.",1
Workplace Communication,Disagreeing with decision,I disagree with a decision my sibling made.,Bring it up in a group meeting so others can weigh in.,Ask for a private conversation to share your concern.,1
Active Listening,Differing opinion,My roommate shares an opinion in discussion that's different from mine.,Ask them to explain more before sharing your own view.,Wait for a pause and then explain why your view is more accurate.,0
Workplace Communication,Unclear instructions,My teammate gave me a task but the instructions were unclear.,Ask a specific clarifying question before starting.,Start working right away and adjust later if it's wrong.,0
Making Friends,Group outings,I see my old friend often in groups but never one-on-one.,Talk to everyone equally and let closer bonds form on their own.,Invite them to do something just the two of you.,1
Nonverbal Communication,First meeting nerves,I'm nervous meeting my coworker and not sure how I'm coming across.,Fill every silence with talking so there's never an awkward pause.,Keep your posture open and let there be some comfortable pauses.,1
Making Friends,Deepening a friendship,I want my friendship with my study partner to feel closer.,Do more favors for them so they feel obligated to get closer.,Share something a bit more personal and see how they respond.,1
Starting Conversations,First meeting,I'm about to meet my sibling for the first time and I'm nervous about the opener.,Prepare a detailed introduction covering your background so nothing is left out.,"Prepare one simple, genuine question rather than a rehearsed line.",1
Nonverbal Communication,Job interview,I have an interview with my study partner and want to make a good impression.,Focus mainly on what to say and not worry about body language.,"Make steady eye contact and sit with an open, relaxed posture.",1
Conflict Resolution,Broken promise,My manager didn't follow through on something they promised.,"Mention it calmly and ask what happened, without assuming the worst.",Stop relying on them without saying anything about why.,0
Empathy,Friend's loss,My mentor just lost a family member and I don't know what to say.,Acknowledge the loss simply and offer to help with something concrete.,Give them space and wait until they bring it up themselves.,0
Nonverbal Communication,Job interview,I have an interview with my mentor and want to make a good impression.,"Make steady eye contact and sit with an open, relaxed posture.",Focus mainly on what to say and not worry about body language.,0
Setting Boundaries,Emotional labor,My roommate relies on me a lot for emotional support.,Keep absorbing it all so they don't feel unsupported.,Support them within limits and encourage other resources too.,1
Making Friends,Deepening a friendship,I want my friendship with my classmate to feel closer.,Share something a bit more personal and see how they respond.,Do more favors for them so they feel obligated to get closer.,0
Assertiveness,Unreasonable request,My coworker asks for something that isn't reasonable given the timeline.,Agree to the timeline and rush to make it work anyway.,Explain what's realistic and propose an alternative timeline.,1
Making Friends,Mutual friend,"I want to become friends with my new employee, who I met through someone else.",Wait until the mutual friend brings you together again.,Reach out directly instead of relying on the mutual friend to connect you.,1
Teamwork,Cross-functional friction,My new employee on another team isn't cooperating well with mine.,Set up a conversation to understand their constraints and priorities.,Escalate to management before trying to talk directly.,0
Handling Criticism,Public correction,My sibling corrected a mistake I made in front of others.,Correct them back on something minor later to feel even.,Acknowledge the correction calmly and thank them.,1
Nonverbal Communication,Silent agreement,My coworker nods but seems unsure during a conversation.,Check in directly to see if they actually agree or have concerns.,Take the nod as full agreement and move on.,0
Public Speaking,Losing the audience,I notice my study partner and others checking their phones while I present.,Speak faster to get through the remaining content.,"Pause, ask a quick question to re-engage the room, then continue.",1
Workplace Communication,Difficult email,I need to email my neighbor about a mistake that affected me.,Cc other people right away so the issue is taken seriously.,State the issue factually and propose next steps.,1
Workplace Communication,Onboarding question,I have a lot of questions as I onboard and don't want to bother my mentor.,Avoid asking and try to figure everything out on your own.,Batch your questions and ask them at a natural check-in time.,1
Making Friends,Group outings,I see my classmate often in groups but never one-on-one.,Invite them to do something just the two of you.,Talk to everyone equally and let closer bonds form on their own.,0
Starting Conversations,New coworker,My mentor just joined and I want to introduce myself well.,Introduce yourself briefly and ask one easy question about their first days.,Give them a long rundown of how everything works before they've settled in.,0
Setting Boundaries,Emotional labor,My old friend relies on me a lot for emotional support.,Support them within limits and encourage other resources too.,Keep absorbing it all so they don't feel unsupported.,0
Starting Conversations,Event mingling,I'm at an event where my new employee is and I want to start a conversation.,Stand near them and wait until they start talking to you.,"Comment on something shared in the moment, like the event itself.",1
Public Speaking,Status update,I need to give my roommate a short status update on my work.,Walk through the process step by step in the order it happened.,"Lead with the headline result, then add detail only if asked.",1
Public Speaking,Status update,I need to give my teammate a short status update on my work.,"Lead with the headline result, then add detail only if asked.",Walk through the process step by step in the order it happened.,0
Handling Criticism,Public correction,My classmate corrected a mistake I made in front of others.,Acknowledge the correction calmly and thank them.,Correct them back on something minor later to feel even.,0
Empathy,Comparing struggles,My roommate is struggling with something I've been through myself.,Focus on their specific experience rather than comparing to your own.,Share your own story in detail since it might help them relate.,0
Conflict Resolution,Repeated issue,My sibling and I keep having the same argument about the same thing.,Sit down outside the heated moment and agree on a clear plan.,Bring up every past instance to show the pattern clearly.,0
Starting Conversations,Online intro,I want to message my classmate online for the first time without it feeling weird.,Send a long message explaining exactly why you're reaching out.,Reference something specific you have in common before asking a question.,1
Making Friends,Group outings,I see my team lead often in groups but never one-on-one.,Talk to everyone equally and let closer bonds form on their own.,Invite them to do something just the two of you.,1
Setting Boundaries,Overcommitted,My manager keeps asking for favors that take up a lot of my time.,Say yes to what you can genuinely manage and be honest otherwise.,Keep saying yes so the relationship doesn't feel strained.,0
Handling Criticism,Vague criticism,My study partner gives criticism that's vague and hard to act on.,Guess at what they meant and adjust based on that guess.,Ask for a specific example to understand what they mean.,1
Teamwork,Decision paralysis,My manager and the team can't decide on next steps.,Wait for someone else to take the lead on deciding.,Propose a clear deadline for the decision and a simple way to choose.,1
Active Listening,Important news,My classmate is telling me something important and I keep getting distracted.,Repeat back the main point to make sure you understood it.,Nod along while thinking about how you'll respond.,0
Empathy,Bad day,My sibling is clearly having a bad day but hasn't explained why.,Check in gently and let them share as much or as little as they want.,Give them space entirely so they can process it alone.,0
Setting Boundaries,Personal questions,My team lead keeps asking about my personal life in ways that feel intrusive.,Answer fully each time so you don't seem unfriendly.,Politely redirect the conversation and keep answers brief.,1
Assertiveness,Being interrupted,My old friend keeps interrupting me when I talk.,Stop bringing up points so it doesn't happen again.,"Say calmly, 'I'd like to finish my point,' the next time it happens.",1
Nonverbal Communication,Comforting someone,My team lead is upset and I want to comfort them without words getting in the way.,Talk continuously to fill the silence.,"Sit close, keep an open posture, and let your presence show support.",1
Starting Conversations,Shared wait,I'm waiting for a bus with my classmate and want to strike up a chat.,Ask them directly if they want to talk to pass the time.,Comment on something happening around you and see if they engage.,1
Public Speaking,Feedback after talk,My cousin gives me feedback on a talk I just gave.,Explain the choices you made before hearing them out fully.,Ask what specifically landed and what didn't.,1
Empathy,Friend's loss,My manager just lost a family member and I don't know what to say.,Give them space and wait until they bring it up themselves.,Acknowledge the loss simply and offer to help with something concrete.,1
Making Friends,New city,I moved somewhere new and want to build a friendship with my new employee.,Suggest a regular low-key activity together so contact becomes natural.,Attend as many one-off events with them as possible.,0
Conflict Resolution,Team disagreement,My manager and I disagree strongly about how to approach something.,Let whoever has more experience decide since they're likely right.,Ask them to explain their reasoning and look for common ground.,1
Making Friends,New parent friend,My classmate and I are both new parents and could become friends.,"Suggest a specific low-pressure plan, like a walk with the kids.",Wait until you run into each other again to suggest anything.,0
Empathy,Difficult decision,My old friend is torn over a difficult decision.,Tell them clearly what you think they should do.,Ask questions that help them think it through rather than telling them what to do.,1
Active Listening,Giving updates,My cousin is giving me a project update I need to fully understand.,Take notes and summarize back the key points before responding.,Listen loosely since you can always ask questions later if needed.,0
Teamwork,Conflicting styles,My classmate works very differently from me and it's causing friction.,Talk openly about work styles and agree on a middle ground.,Adjust your own style completely to match theirs.,0
Teamwork,Cross-functional friction,My classmate on another team isn't cooperating well with mine.,Set up a conversation to understand their constraints and priorities.,Escalate to management before trying to talk directly.,0
Assertiveness,Unwanted plans,My study partner keeps suggesting plans I don't actually want to do.,Keep agreeing and cancel at the last minute instead.,Say honestly that this activity isn't for you and suggest an alternative.,1
Nonverbal Communication,Silent agreement,My cousin nods but seems unsure during a conversation.,Take the nod as full agreement and move on.,Check in directly to see if they actually agree or have concerns.,1
Assertiveness,Unwanted plans,My neighbor keeps suggesting plans I don't actually want to do.,Keep agreeing and cancel at the last minute instead.,Say honestly that this activity isn't for you and suggest an alternative.,1
Teamwork,Silent teammate,My sibling rarely speaks up in team discussions.,Let them contribute in writing afterward instead of asking directly.,Ask for their input directly during discussions.,1
Starting Conversations,Waiting room,I'm sitting next to my teammate in a waiting room and want to talk.,Ask them several personal questions to fill the time.,"Make an easy comment about the wait, then see if they want to keep talking.",1
Nonverbal Communication,Reading the room,I want to tell if my old friend wants to keep talking or wrap up.,Keep the conversation going until they explicitly say they need to leave.,"Watch for cues like turning away or short answers, and offer an easy exit.",1
Assertiveness,Disrespected opinion,My new employee dismisses my opinion in front of others.,"Stay quiet in the moment and bring it up much later, if at all.",Restate your point calmly and ask to be heard fully.,1
Workplace Communication,Onboarding question,I have a lot of questions as I onboard and don't want to bother my team lead.,Avoid asking and try to figure everything out on your own.,Batch your questions and ask them at a natural check-in time.,1
Active Listening,Instructions,My coworker is giving me instructions I need to follow exactly.,Start right away and ask questions only if something goes wrong.,Repeat the instructions back to confirm before starting.,1
Handling Criticism,Unsolicited critique,My classmate critiques something I didn't ask for feedback on.,Thank them briefly and decide later what's actually useful.,Explain why their critique doesn't apply in this case.,0
Setting Boundaries,Unsolicited advice,My teammate keeps giving advice about a decision that's mine to make.,"Thank them for caring, then state clearly you've got it handled.",Nod along and quietly do what you were going to do anyway.,0
Conflict Resolution,Money dispute,My study partner owes me money and hasn't brought it up.,"Bring it up directly but kindly, mentioning the specific amount.",Drop hints about it and hope they take the hint.,0
Making Friends,After a favor,My study partner recently helped me out and I want to build on that.,Thank them specifically and suggest returning the favor sometime.,Assume the favor already made you close and act accordingly.,0
Setting Boundaries,Borrowed items,My sibling borrows things and often returns them late or damaged.,Tell them directly what you need going forward.,Stop mentioning it and quietly avoid lending to them again.,0
Making Friends,New parent friend,My sibling and I are both new parents and could become friends.,"Suggest a specific low-pressure plan, like a walk with the kids.",Wait until you run into each other again to suggest anything.,0
Assertiveness,Repeated lateness,My sibling is consistently late when we meet.,Start showing up late yourself so it feels even.,Mention it directly and ask if a different time would work better.,1
Teamwork,Decision paralysis,My mentor and the team can't decide on next steps.,Propose a clear deadline for the decision and a simple way to choose.,Wait for someone else to take the lead on deciding.,0
Workplace Communication,Missed deadline,I realize I'm going to miss a deadline my neighbor is expecting.,Wait until the deadline passes and explain afterward.,"Tell them as soon as you know, with a revised timeline.",1
Making Friends,Reconnecting,I lost touch with my team lead and want to reconnect naturally.,Call them and explain in detail why you drifted apart.,"Send a short, warm message referencing a specific good memory.",1
Empathy,Comparing struggles,My close friend is struggling with something I've been through myself.,Share your own story in detail since it might help them relate.,Focus on their specific experience rather than comparing to your own.,1
Conflict Resolution,Money dispute,My team lead owes me money and hasn't brought it up.,Drop hints about it and hope they take the hint.,"Bring it up directly but kindly, mentioning the specific amount.",1
Active Listening,Instructions,My old friend is giving me instructions I need to follow exactly.,Repeat the instructions back to confirm before starting.,Start right away and ask questions only if something goes wrong.,0
Empathy,Feeling excluded,My new employee mentions feeling left out of a group.,Tell them they're overreacting and it's probably not personal.,"Validate the feeling before figuring out what, if anything, to do next.",1
Assertiveness,Unwanted plans,My team lead keeps suggesting plans I don't actually want to do.,Say honestly that this activity isn't for you and suggest an alternative.,Keep agreeing and cancel at the last minute instead.,0
